uniprot_accession,seq_crc32,cysteines,iup,red,regions
A0A023PZA4,813347175,"[13, 14, 107, 109]","[0.798249, 0.680603, 0.51388, 0.401658, 0.450668, 0.31487, 0.359901, 0.384043, 0.422041, 0.380708, 0.40511, 0.444081, 0.461924, 0.458154, 0.408655, 0.328603, 0.346032, 0.335645, 0.324872, 0.311707, 0.318242, 0.328603, 0.275179, 0.346032, 0.398279, 0.366687, 0.486429, 0.346032, 0.349426, 0.278302, 0.321458, 0.275179, 0.196879, 0.179055, 0.120615, 0.120615, 0.179055, 0.11371, 0.076542, 0.081712, 0.060549, 0.055536, 0.050641, 0.098513, 0.067594, 0.085092, 0.094817, 0.060549, 0.118441, 0.127496, 0.088832, 0.067594, 0.056825, 0.058088, 0.066181, 0.073402, 0.11371, 0.122885, 0.185198, 0.182256, 0.194234, 0.179055, 0.122885, 0.076542, 0.088832, 0.129801, 0.137348, 0.096677, 0.155435, 0.094817, 0.090864, 0.17593, 0.219301, 0.257454, 0.21291, 0.209395, 0.278302, 0.264545, 0.216401, 0.21291, 0.196879, 0.196879, 0.271506, 0.352862, 0.328603, 0.308712, 0.243554, 0.161087, 0.219301, 0.132295, 0.179055, 0.102787, 0.079919, 0.046336, 0.056825, 0.083462, 0.040537, 0.026338, 0.015078, 0.013613, 0.014075, 0.013437, 0.013265, 0.012491, 0.008075, 0.012491, 0.010221, 0.011106, 0.012727, 0.009294, 0.011518, 0.01078, 0.014315, 0.013265, 0.0198, 0.012491]","[0.834292, 0.720929, 0.720929, 0.716283, 0.759478, 0.549308, 0.59917, 0.618285, 0.661982, 0.59014, 0.618285, 0.675549, 0.694846, 0.694846, 0.626927, 0.529623, 0.553315, 0.541878, 0.525368, 0.51388, 0.521092, 0.534167, 0.472492, 0.472492, 0.447574, 0.418646, 0.562014, 0.401658, 0.401658, 0.324872, 0.377384, 0.318242, 0.243554, 0.219301, 0.15284, 0.15284, 0.219301, 0.144935, 0.098513, 0.10481, 0.078022, 0.0704, 0.064632, 0.122885, 0.083462, 0.102787, 0.111485, 0.0704, 0.142424, 0.155435, 0.106997, 0.079919, 0.069024, 0.069024, 0.079919, 0.086953, 0.134866, 0.147574, 0.216401, 0.21291, 0.222385, 0.209395, 0.144935, 0.094817, 0.109221, 0.158265, 0.167087, 0.120615, 0.191378, 0.120615, 0.118441, 0.225814, 0.275179, 0.31487, 0.26085, 0.257454, 0.328603, 0.311707, 0.264545, 0.26085, 0.243554, 0.243554, 0.318242, 0.40511, 0.384043, 0.359901, 0.295083, 0.203355, 0.275179, 0.173081, 0.222385, 0.134866, 0.10481, 0.06312, 0.076542, 0.116183, 0.100716, 0.064632, 0.059222, 0.051831, 0.05306, 0.050641, 0.050641, 0.047319, 0.023087, 0.045352, 0.036378, 0.045352, 0.058088, 0.038042, 0.058088, 0.059222, 0.092881, 0.098513, 0.167087, 0.122885]","{}"
