uniprot_accession,seq_crc32,cysteines,iup,red,regions
Q3E7A5,3298049040,"[29, 47, 48, 50, 57]","[0.004611, 0.004247, 0.005683, 0.007555, 0.010221, 0.008002, 0.006421, 0.007555, 0.009294, 0.007495, 0.006374, 0.007177, 0.010926, 0.012727, 0.011669, 0.011903, 0.019401, 0.010509, 0.006482, 0.006533, 0.006619, 0.009401, 0.007555, 0.00777, 0.007877, 0.007645, 0.011106, 0.010926, 0.009483, 0.006701, 0.006988, 0.007177, 0.00543, 0.004161, 0.004161, 0.004431, 0.004135, 0.0028, 0.00407, 0.004135, 0.005799, 0.004483, 0.003405, 0.003804, 0.002688, 0.002705, 0.001649, 0.001159, 0.001572, 0.001743, 0.001936, 0.002155, 0.002366, 0.002606, 0.003109, 0.00246, 0.001602, 0.002276, 0.003212, 0.001906]","[0.006619, 0.005992, 0.008156, 0.01227, 0.018787, 0.01227, 0.009401, 0.011518, 0.015344, 0.011342, 0.009096, 0.01078, 0.021381, 0.026892, 0.024393, 0.023963, 0.045352, 0.022306, 0.021816, 0.021381, 0.023534, 0.042364, 0.028695, 0.030611, 0.030611, 0.029376, 0.059222, 0.058088, 0.046336, 0.023534, 0.023963, 0.024393, 0.014586, 0.009294, 0.009294, 0.010221, 0.016826, 0.016021, 0.031287, 0.031287, 0.071867, 0.038042, 0.021816, 0.026338, 0.013821, 0.013821, 0.013265, 0.008409, 0.013016, 0.015694, 0.021816, 0.032677, 0.051831, 0.085092, 0.147574, 0.118441, 0.074921, 0.056825, 0.040537, 0.021381]","{}"
