uniprot_accession,seq_crc32,cysteines,iup,red,regions
Q3E7A6,3132903532,"[]","[0.000451, 0.000485, 0.001048, 0.00055, 0.000648, 0.001112, 0.001602, 0.001288, 0.001142, 0.001541, 0.002155, 0.001649, 0.002503, 0.001623, 0.001786, 0.001855, 0.002057, 0.003461, 0.002555, 0.004135, 0.003924, 0.003963, 0.003366, 0.00225, 0.00231, 0.001748, 0.001374, 0.000906, 0.001232, 0.001383, 0.000893, 0.000447, 0.000674, 0.000301, 0.000447, 0.000661]","[0.000451, 0.000485, 0.001048, 0.00055, 0.000648, 0.001112, 0.001602, 0.001288, 0.001142, 0.001541, 0.002155, 0.001649, 0.002503, 0.001623, 0.001786, 0.001855, 0.002057, 0.003461, 0.002555, 0.004135, 0.003924, 0.003963, 0.003366, 0.00225, 0.00231, 0.001748, 0.001374, 0.000906, 0.001232, 0.001383, 0.000893, 0.000447, 0.000674, 0.000301, 0.000447, 0.000661]","{}"
