uniprot_accession,seq_crc32,cysteines,iup,red,regions
Q3E7A7,1901506422,"[50]","[0.014783, 0.023963, 0.016021, 0.013821, 0.015344, 0.015344, 0.011903, 0.009865, 0.01227, 0.013613, 0.011342, 0.014075, 0.022667, 0.023963, 0.032677, 0.056825, 0.041405, 0.05306, 0.03976, 0.030611, 0.017138, 0.018106, 0.018415, 0.017447, 0.026338, 0.019109, 0.024393, 0.041405, 0.033407, 0.020522, 0.023963, 0.03976, 0.021816, 0.013613, 0.013265, 0.007877, 0.007877, 0.009401, 0.010672, 0.013821, 0.014315, 0.025316, 0.023534, 0.023087, 0.024393, 0.023087, 0.030003, 0.020165, 0.020522, 0.042364, 0.071867, 0.074921, 0.037156, 0.034884, 0.060549, 0.06184, 0.137348, 0.081712, 0.083462, 0.118441, 0.158265, 0.25031, 0.142424, 0.142424, 0.137348, 0.139895, 0.15008, 0.191378, 0.25406, 0.25031, 0.281712, 0.284882, 0.281712, 0.390993, 0.505461, 0.505461, 0.505461, 0.505461, 0.618285, 0.613573, 0.483068, 0.480142, 0.476583, 0.613573, 0.480142, 0.41194, 0.509769, 0.401658, 0.401658, 0.387226, 0.370445, 0.318242, 0.291804, 0.268042, 0.236433, 0.203355, 0.170161, 0.129801, 0.085092]","[0.014783, 0.024393, 0.016528, 0.014075, 0.016021, 0.016021, 0.01227, 0.009977, 0.012727, 0.014075, 0.011669, 0.014586, 0.023534, 0.024393, 0.034068, 0.059222, 0.043307, 0.056825, 0.042364, 0.032677, 0.018106, 0.019109, 0.0198, 0.018415, 0.028695, 0.020165, 0.026338, 0.046336, 0.036378, 0.022306, 0.025316, 0.043307, 0.023534, 0.014783, 0.014075, 0.008156, 0.008156, 0.009865, 0.011106, 0.019109, 0.020165, 0.037156, 0.034068, 0.033407, 0.034884, 0.033407, 0.043307, 0.028107, 0.028107, 0.06184, 0.102787, 0.106997, 0.055536, 0.050641, 0.086953, 0.088832, 0.18812, 0.118441, 0.122885, 0.164327, 0.167087, 0.26085, 0.15008, 0.15284, 0.147574, 0.15008, 0.158265, 0.203355, 0.268042, 0.264545, 0.295083, 0.301917, 0.295083, 0.40511, 0.525368, 0.525368, 0.525368, 0.525368, 0.63748, 0.63748, 0.5017, 0.497853, 0.494003, 0.63748, 0.494003, 0.42561, 0.529623, 0.414856, 0.414856, 0.40511, 0.387226, 0.332115, 0.30533, 0.281712, 0.25406, 0.219301, 0.182256, 0.139895, 0.092881]","{}"
