uniprot_accession,seq_crc32,cysteines,iup,red,regions
Q3E7A8,3828217114,"[11, 14, 21, 32, 37]","[0.21291, 0.301917, 0.349426, 0.179055, 0.225814, 0.268042, 0.301917, 0.243554, 0.275179, 0.295083, 0.182256, 0.142424, 0.109221, 0.102787, 0.10481, 0.096677, 0.056825, 0.049374, 0.030611, 0.028107, 0.032017, 0.032017, 0.032017, 0.029376, 0.044297, 0.028695, 0.013265, 0.012727, 0.012491, 0.014075, 0.009187, 0.017797, 0.025762, 0.037156, 0.038042, 0.026338, 0.017447, 0.026892, 0.033407, 0.033407, 0.05306, 0.054297, 0.088832, 0.081712, 0.090864, 0.139895, 0.196879, 0.278302, 0.209395, 0.281712, 0.196879, 0.271506, 0.26085, 0.25406, 0.25031, 0.179055, 0.225814, 0.291804, 0.288399, 0.275179, 0.346032, 0.366687, 0.42561, 0.476583, 0.447574, 0.41194, 0.380708, 0.342579, 0.398279, 0.486429, 0.472492, 0.570702]","[0.56648, 0.661982, 0.712013, 0.720929, 0.759478, 0.779859, 0.791621, 0.699094, 0.720929, 0.724957, 0.728858, 0.671169, 0.59917, 0.59014, 0.604312, 0.59014, 0.490133, 0.472492, 0.384043, 0.366687, 0.387226, 0.384043, 0.384043, 0.366687, 0.301917, 0.225814, 0.216401, 0.21291, 0.216401, 0.236433, 0.144935, 0.161087, 0.225814, 0.291804, 0.288399, 0.219301, 0.147574, 0.21291, 0.25031, 0.25406, 0.332115, 0.342579, 0.288399, 0.271506, 0.288399, 0.370445, 0.444081, 0.387226, 0.318242, 0.384043, 0.295083, 0.370445, 0.352862, 0.342579, 0.339168, 0.264545, 0.318242, 0.384043, 0.380708, 0.36309, 0.433034, 0.458154, 0.517562, 0.58069, 0.545602, 0.509769, 0.465241, 0.422041, 0.486429, 0.59014, 0.570702, 0.699094]","{"0": 23}"
