uniprot_accession,seq_crc32,cysteines,iup,red,regions
Q3E7B0,3721452106,"[]","[0.002117, 0.00246, 0.001597, 0.001391, 0.000945, 0.000936, 0.000704, 0.00061, 0.000421, 0.000704, 0.000816, 0.000983, 0.000945, 0.000958, 0.001103, 0.000747, 0.001288, 0.002117, 0.003177, 0.003246, 0.004358, 0.006894, 0.005799, 0.010509, 0.009977, 0.011106, 0.018787, 0.035586, 0.059222, 0.137348, 0.11371, 0.134866, 0.125101, 0.096677, 0.066181, 0.132295, 0.200174]","[0.002117, 0.00246, 0.001597, 0.001391, 0.000945, 0.000936, 0.000704, 0.00061, 0.000421, 0.000704, 0.000816, 0.000983, 0.000945, 0.000958, 0.001103, 0.000747, 0.001288, 0.002117, 0.003177, 0.003246, 0.004358, 0.006894, 0.005799, 0.010509, 0.009977, 0.011106, 0.018787, 0.035586, 0.059222, 0.137348, 0.11371, 0.134866, 0.125101, 0.096677, 0.066181, 0.132295, 0.200174]","{}"
