uniprot_accession,seq_crc32,cysteines,iup,red,regions
Q3E7B2,1652454580,"[]","[0.324872, 0.374039, 0.408655, 0.25406, 0.281712, 0.239899, 0.275179, 0.324872, 0.31487, 0.284882, 0.219301, 0.278302, 0.30533, 0.384043, 0.36309, 0.366687, 0.257454, 0.155435, 0.243554, 0.225814, 0.236433, 0.18812, 0.122885, 0.120615, 0.15008, 0.155435, 0.137348, 0.090864, 0.049374, 0.060549, 0.055536, 0.096677, 0.090864, 0.109221, 0.073402, 0.040537, 0.019401, 0.020876, 0.041405, 0.023087, 0.023534, 0.01204, 0.01078, 0.015694, 0.015344, 0.024393, 0.026892, 0.045352, 0.034884, 0.045352, 0.047319, 0.047319, 0.055536, 0.031287, 0.037156, 0.064632, 0.067594, 0.125101, 0.225814, 0.239899, 0.352862, 0.271506, 0.398279, 0.440853, 0.36309, 0.36309, 0.356642, 0.352862, 0.247041, 0.374039, 0.374039, 0.36309, 0.42561, 0.398279, 0.454136, 0.41194, 0.366687, 0.450668, 0.42561, 0.374039, 0.324872, 0.275179, 0.36309, 0.30533, 0.324872]","[0.324872, 0.374039, 0.408655, 0.25406, 0.281712, 0.239899, 0.275179, 0.324872, 0.31487, 0.284882, 0.219301, 0.278302, 0.30533, 0.384043, 0.36309, 0.366687, 0.257454, 0.155435, 0.243554, 0.225814, 0.236433, 0.18812, 0.122885, 0.120615, 0.15008, 0.155435, 0.137348, 0.090864, 0.049374, 0.060549, 0.055536, 0.096677, 0.090864, 0.109221, 0.073402, 0.040537, 0.019401, 0.020876, 0.041405, 0.023087, 0.023534, 0.01204, 0.01078, 0.015694, 0.015344, 0.024393, 0.026892, 0.045352, 0.034884, 0.045352, 0.047319, 0.047319, 0.055536, 0.031287, 0.037156, 0.064632, 0.067594, 0.125101, 0.225814, 0.239899, 0.352862, 0.271506, 0.398279, 0.440853, 0.36309, 0.36309, 0.356642, 0.352862, 0.247041, 0.374039, 0.374039, 0.36309, 0.42561, 0.398279, 0.454136, 0.41194, 0.366687, 0.450668, 0.42561, 0.374039, 0.324872, 0.275179, 0.36309, 0.30533, 0.324872]","{}"
