uniprot_accession,seq_crc32,cysteines,iup,red,regions
Q3E7B4,2306522570,"[3, 62]","[0.025762, 0.019109, 0.010672, 0.009294, 0.011669, 0.009977, 0.008525, 0.010372, 0.008002, 0.007177, 0.008409, 0.009728, 0.013016, 0.020165, 0.018415, 0.035586, 0.058088, 0.045352, 0.027463, 0.032017, 0.017797, 0.024393, 0.03976, 0.088832, 0.134866, 0.137348, 0.200174, 0.284882, 0.291804, 0.40511, 0.505461, 0.51388, 0.387226, 0.387226, 0.398279, 0.359901, 0.356642, 0.268042, 0.225814, 0.219301, 0.216401, 0.321458, 0.209395, 0.111485, 0.109221, 0.10481, 0.06184, 0.067594, 0.067594, 0.038858, 0.038042, 0.020522, 0.013437, 0.020165, 0.016021, 0.011903, 0.011518, 0.009401, 0.010672, 0.014075, 0.020165, 0.012727, 0.008156]","[0.088832, 0.058088, 0.025316, 0.019109, 0.025316, 0.019401, 0.014783, 0.0198, 0.013016, 0.010926, 0.013437, 0.017138, 0.024393, 0.024826, 0.022667, 0.046336, 0.076542, 0.058088, 0.034884, 0.040537, 0.022306, 0.032017, 0.054297, 0.116183, 0.173081, 0.179055, 0.25031, 0.332115, 0.342579, 0.458154, 0.570702, 0.58069, 0.444081, 0.444081, 0.454136, 0.414856, 0.41194, 0.318242, 0.281712, 0.278302, 0.268042, 0.374039, 0.26085, 0.144935, 0.144935, 0.139895, 0.085092, 0.092881, 0.092881, 0.05306, 0.051831, 0.043307, 0.025762, 0.044297, 0.034068, 0.024393, 0.023963, 0.018787, 0.023963, 0.034884, 0.058088, 0.034884, 0.018415]","{}"
