uniprot_accession,seq_crc32,cysteines,iup,red,regions
Q3E7B7,2536142752,"[]","[0.879233, 0.894241, 0.901269, 0.915074, 0.871313, 0.876521, 0.882776, 0.894241, 0.899122, 0.894241, 0.89662, 0.889439, 0.899122, 0.903857, 0.912647, 0.905695, 0.901269, 0.899122, 0.901269, 0.921076, 0.945666, 0.945666, 0.939629, 0.939629, 0.932927, 0.947281, 0.947281, 0.941505, 0.928747, 0.919029, 0.889439, 0.859585, 0.871313, 0.876521, 0.871313, 0.871313, 0.859585, 0.846163, 0.834292, 0.827927, 0.827927, 0.791621, 0.798249, 0.779859, 0.76285, 0.745909, 0.771762, 0.716283, 0.707965, 0.728858, 0.694846, 0.759478, 0.791621, 0.767246, 0.76285, 0.750527, 0.745909, 0.76285, 0.76285, 0.767246, 0.767246, 0.771762, 0.750527, 0.724957, 0.733139, 0.73685, 0.745909, 0.716283]","[0.879233, 0.894241, 0.901269, 0.915074, 0.871313, 0.876521, 0.882776, 0.894241, 0.899122, 0.894241, 0.89662, 0.889439, 0.899122, 0.903857, 0.912647, 0.905695, 0.901269, 0.899122, 0.901269, 0.921076, 0.945666, 0.945666, 0.939629, 0.939629, 0.932927, 0.947281, 0.947281, 0.941505, 0.928747, 0.919029, 0.889439, 0.859585, 0.871313, 0.876521, 0.871313, 0.871313, 0.859585, 0.846163, 0.834292, 0.827927, 0.827927, 0.791621, 0.798249, 0.779859, 0.76285, 0.745909, 0.771762, 0.716283, 0.707965, 0.728858, 0.694846, 0.759478, 0.791621, 0.767246, 0.76285, 0.750527, 0.745909, 0.76285, 0.76285, 0.767246, 0.767246, 0.771762, 0.750527, 0.724957, 0.733139, 0.73685, 0.745909, 0.716283]","{}"
