uniprot_accession,seq_crc32,cysteines,iup,red,regions
Q3E7B9,1020888209,"[20, 55]","[0.000614, 0.000833, 0.001434, 0.002366, 0.003298, 0.002705, 0.003671, 0.004646, 0.00389, 0.003804, 0.004899, 0.004483, 0.006988, 0.005378, 0.003997, 0.005799, 0.007645, 0.008276, 0.011903, 0.013265, 0.015078, 0.034884, 0.025316, 0.013821, 0.01204, 0.013016, 0.013437, 0.008525, 0.005932, 0.005623, 0.005503, 0.004976, 0.006795, 0.004611, 0.005932, 0.008409, 0.008525, 0.009015, 0.010672, 0.008525, 0.010672, 0.017447, 0.015694, 0.022306, 0.026892, 0.015078, 0.011106, 0.020522, 0.0198, 0.038858, 0.047319, 0.047319, 0.056825, 0.050641, 0.051831, 0.054297, 0.026892, 0.013265, 0.011903, 0.011903, 0.015078, 0.015694, 0.017447, 0.019109, 0.019109, 0.022667, 0.038042, 0.038858, 0.025762, 0.047319, 0.031287, 0.06184, 0.102787, 0.056825]","[0.000661, 0.000854, 0.001499, 0.002482, 0.003461, 0.00283, 0.003864, 0.004899, 0.004161, 0.004899, 0.006374, 0.005799, 0.00962, 0.007091, 0.005318, 0.007645, 0.010672, 0.011669, 0.019109, 0.021381, 0.024826, 0.066181, 0.046336, 0.022667, 0.019401, 0.021381, 0.022306, 0.01204, 0.007877, 0.007315, 0.005932, 0.005378, 0.007422, 0.004899, 0.006374, 0.009096, 0.009187, 0.009865, 0.01227, 0.009294, 0.012491, 0.020522, 0.018415, 0.026338, 0.050641, 0.025762, 0.018415, 0.037156, 0.036378, 0.074921, 0.092881, 0.090864, 0.106997, 0.098513, 0.100716, 0.10481, 0.054297, 0.022306, 0.020165, 0.020165, 0.025762, 0.026338, 0.030611, 0.034068, 0.034884, 0.027463, 0.047319, 0.048328, 0.030611, 0.056825, 0.037156, 0.074921, 0.122885, 0.069024]","{}"
