uniprot_accession,seq_crc32,cysteines,iup,red,regions
A0A023PYD3,3902313972,"[31, 55, 76, 85, 108]","[0.36309, 0.380708, 0.278302, 0.342579, 0.257454, 0.173081, 0.21291, 0.21291, 0.182256, 0.209395, 0.225814, 0.243554, 0.271506, 0.298791, 0.219301, 0.247041, 0.257454, 0.275179, 0.284882, 0.284882, 0.18812, 0.167087, 0.182256, 0.271506, 0.25406, 0.239899, 0.352862, 0.288399, 0.332115, 0.36309, 0.370445, 0.298791, 0.298791, 0.318242, 0.308712, 0.308712, 0.301917, 0.206376, 0.147574, 0.127496, 0.125101, 0.216401, 0.295083, 0.281712, 0.17593, 0.111485, 0.203355, 0.185198, 0.243554, 0.229226, 0.170161, 0.164327, 0.236433, 0.25406, 0.264545, 0.275179, 0.264545, 0.264545, 0.366687, 0.433034, 0.398279, 0.414856, 0.401658, 0.311707, 0.239899, 0.239899, 0.31487, 0.236433, 0.225814, 0.155435, 0.125101, 0.203355, 0.194234, 0.18812, 0.10481, 0.098513, 0.074921, 0.125101, 0.109221, 0.086953, 0.094817, 0.134866, 0.085092, 0.090864, 0.161087, 0.144935, 0.239899, 0.15284, 0.122885, 0.079919, 0.139895, 0.111485, 0.060549, 0.034068, 0.025316, 0.025762, 0.027463, 0.018106, 0.020165, 0.019109, 0.014586, 0.011106, 0.009015, 0.009187, 0.007091, 0.00543, 0.006421, 0.004775, 0.005799, 0.007031, 0.008156]","[0.408655, 0.4292, 0.324872, 0.394753, 0.311707, 0.203355, 0.25406, 0.25406, 0.219301, 0.25031, 0.271506, 0.291804, 0.318242, 0.349426, 0.271506, 0.301917, 0.31487, 0.332115, 0.342579, 0.339168, 0.328603, 0.308712, 0.324872, 0.418646, 0.401658, 0.374039, 0.505461, 0.4292, 0.480142, 0.517562, 0.525368, 0.444081, 0.444081, 0.461924, 0.450668, 0.450668, 0.436924, 0.324872, 0.25406, 0.225814, 0.229226, 0.247041, 0.324872, 0.308712, 0.291804, 0.206376, 0.332115, 0.311707, 0.377384, 0.366687, 0.281712, 0.278302, 0.36309, 0.380708, 0.390993, 0.40511, 0.377384, 0.380708, 0.5017, 0.59014, 0.545602, 0.562014, 0.545602, 0.433034, 0.359901, 0.359901, 0.436924, 0.352862, 0.342579, 0.26085, 0.209395, 0.321458, 0.311707, 0.301917, 0.284882, 0.275179, 0.225814, 0.324872, 0.30533, 0.271506, 0.281712, 0.342579, 0.26085, 0.278302, 0.394753, 0.377384, 0.394753, 0.298791, 0.26085, 0.191378, 0.288399, 0.25031, 0.158265, 0.098513, 0.073402, 0.042364, 0.046336, 0.050641, 0.058088, 0.05306, 0.036378, 0.026338, 0.0198, 0.021816, 0.014783, 0.010131, 0.013265, 0.009015, 0.01204, 0.018415, 0.025316]","{}"
