uniprot_accession,seq_crc32,cysteines,iup,red,regions
A0A023PYE4,2862396656,"[7, 12, 24, 52, 94]","[0.006078, 0.004646, 0.002976, 0.002606, 0.002155, 0.00283, 0.003757, 0.003053, 0.003555, 0.004208, 0.00359, 0.002688, 0.002211, 0.00152, 0.001202, 0.001778, 0.001722, 0.001675, 0.002117, 0.002336, 0.001481, 0.001271, 0.001855, 0.003177, 0.003963, 0.005799, 0.004689, 0.003555, 0.003298, 0.003366, 0.002155, 0.002155, 0.003512, 0.003246, 0.003607, 0.004483, 0.004247, 0.006142, 0.005503, 0.003727, 0.004976, 0.005318, 0.005318, 0.003298, 0.002276, 0.002366, 0.001383, 0.000958, 0.000958, 0.001709, 0.00103, 0.001748, 0.001748, 0.001748, 0.001434, 0.001936, 0.001872, 0.001872, 0.001305, 0.00146, 0.00231, 0.001499, 0.001271, 0.001855, 0.00316, 0.003607, 0.002482, 0.002482, 0.003997, 0.004414, 0.003109, 0.003727, 0.003727, 0.003963, 0.003963, 0.006039, 0.005932, 0.003963, 0.00283, 0.004208, 0.004775, 0.004736, 0.004689, 0.00558, 0.005318, 0.003701, 0.004577, 0.006701, 0.006701, 0.004135, 0.005011, 0.00543, 0.005011, 0.003757, 0.005011, 0.003478, 0.002727, 0.002155, 0.002503, 0.002976, 0.002276, 0.00225, 0.00152, 0.001855, 0.002276, 0.001541, 0.002057]","[0.015344, 0.022306, 0.009096, 0.007315, 0.00558, 0.007031, 0.009096, 0.006894, 0.008156, 0.00962, 0.007495, 0.005734, 0.004577, 0.004388, 0.003512, 0.00515, 0.005086, 0.003727, 0.004513, 0.004835, 0.003366, 0.002881, 0.00316, 0.004976, 0.006482, 0.009977, 0.007877, 0.005734, 0.00515, 0.005223, 0.003405, 0.003431, 0.005503, 0.005011, 0.004247, 0.005318, 0.004921, 0.007259, 0.006421, 0.004315, 0.005799, 0.008276, 0.008276, 0.004835, 0.003405, 0.003555, 0.002194, 0.001602, 0.001602, 0.002688, 0.001675, 0.002761, 0.002727, 0.002761, 0.002336, 0.003109, 0.003053, 0.003053, 0.002117, 0.002396, 0.003607, 0.002482, 0.001499, 0.002327, 0.003701, 0.004247, 0.002976, 0.00292, 0.004835, 0.005249, 0.003701, 0.004431, 0.004483, 0.004775, 0.004736, 0.007495, 0.007259, 0.004775, 0.003461, 0.004921, 0.005734, 0.00558, 0.00558, 0.009015, 0.008525, 0.005683, 0.007091, 0.011669, 0.011669, 0.006374, 0.008075, 0.008723, 0.008075, 0.005734, 0.008002, 0.005318, 0.004161, 0.003298, 0.003864, 0.004611, 0.00359, 0.003671, 0.002623, 0.003405, 0.002512, 0.001722, 0.002366]","{}"
