uniprot_accession,seq_crc32,cysteines,iup,red,regions
A0A023PZG4,828629419,"[5, 31, 35, 42, 106]","[0.111485, 0.179055, 0.209395, 0.236433, 0.30533, 0.225814, 0.291804, 0.194234, 0.225814, 0.243554, 0.191378, 0.229226, 0.239899, 0.257454, 0.26085, 0.387226, 0.476583, 0.440853, 0.450668, 0.414856, 0.380708, 0.384043, 0.332115, 0.264545, 0.158265, 0.134866, 0.137348, 0.096677, 0.147574, 0.106997, 0.0704, 0.055536, 0.044297, 0.03976, 0.028107, 0.038858, 0.034884, 0.033407, 0.024826, 0.023963, 0.027463, 0.060549, 0.026892, 0.038858, 0.050641, 0.106997, 0.069024, 0.079919, 0.069024, 0.069024, 0.100716, 0.170161, 0.182256, 0.182256, 0.194234, 0.139895, 0.164327, 0.139895, 0.071867, 0.122885, 0.129801, 0.096677, 0.047319, 0.098513, 0.085092, 0.109221, 0.088832, 0.139895, 0.158265, 0.203355, 0.17593, 0.147574, 0.11371, 0.200174, 0.219301, 0.185198, 0.18812, 0.106997, 0.134866, 0.200174, 0.142424, 0.120615, 0.120615, 0.206376, 0.206376, 0.222385, 0.225814, 0.225814, 0.229226, 0.222385, 0.239899, 0.291804, 0.291804, 0.339168, 0.324872, 0.225814, 0.268042, 0.339168, 0.440853, 0.40511, 0.422041, 0.483068, 0.505461, 0.538167, 0.521092, 0.490133, 0.42561]","[0.324872, 0.398279, 0.418646, 0.436924, 0.505461, 0.414856, 0.476583, 0.370445, 0.398279, 0.41194, 0.346032, 0.390993, 0.398279, 0.418646, 0.42561, 0.450668, 0.553315, 0.51388, 0.534167, 0.494003, 0.59014, 0.59508, 0.534167, 0.454136, 0.454136, 0.422041, 0.422041, 0.356642, 0.433034, 0.370445, 0.298791, 0.377384, 0.342579, 0.321458, 0.268042, 0.318242, 0.308712, 0.298791, 0.25031, 0.236433, 0.26085, 0.271506, 0.15284, 0.200174, 0.239899, 0.25031, 0.182256, 0.200174, 0.179055, 0.179055, 0.239899, 0.335645, 0.239899, 0.239899, 0.26085, 0.185198, 0.21291, 0.179055, 0.096677, 0.161087, 0.173081, 0.137348, 0.069024, 0.137348, 0.120615, 0.15284, 0.127496, 0.191378, 0.219301, 0.271506, 0.239899, 0.209395, 0.164327, 0.268042, 0.288399, 0.247041, 0.247041, 0.147574, 0.182256, 0.26085, 0.18812, 0.158265, 0.158265, 0.26085, 0.26085, 0.278302, 0.284882, 0.284882, 0.291804, 0.281712, 0.301917, 0.356642, 0.352862, 0.401658, 0.387226, 0.387226, 0.4292, 0.529623, 0.671169, 0.63748, 0.671169, 0.759478, 0.795062, 0.834292, 0.827927, 0.812494, 0.767246]","{}"
