uniprot_accession,seq_crc32,cysteines,iup,red,regions
Q96VG5,1752295286,"[41]","[0.00962, 0.013613, 0.0198, 0.01204, 0.007877, 0.005734, 0.007259, 0.008895, 0.009187, 0.011518, 0.009015, 0.011669, 0.016021, 0.013437, 0.011106, 0.011342, 0.011342, 0.010926, 0.008804, 0.015344, 0.016826, 0.008804, 0.006533, 0.004736, 0.006374, 0.00962, 0.018106, 0.009401, 0.00777, 0.006533, 0.005223, 0.007315, 0.005318, 0.004483, 0.006894, 0.008276, 0.008156, 0.006078, 0.004358, 0.006421, 0.004646, 0.003405, 0.005086, 0.007031, 0.008804, 0.009483, 0.006795, 0.006533, 0.009977, 0.013821, 0.023963, 0.03976, 0.047319, 0.045352, 0.098513, 0.073402, 0.100716, 0.081712, 0.129801, 0.243554, 0.21291, 0.339168, 0.476583, 0.433034, 0.380708]","[0.009977, 0.014586, 0.021381, 0.013016, 0.008409, 0.005992, 0.007555, 0.009401, 0.009728, 0.012491, 0.009483, 0.013016, 0.017797, 0.014586, 0.01227, 0.01227, 0.01227, 0.011903, 0.009401, 0.017447, 0.019109, 0.009483, 0.007031, 0.005086, 0.006795, 0.010509, 0.020522, 0.010221, 0.008409, 0.006988, 0.006619, 0.009483, 0.006619, 0.005623, 0.009015, 0.010926, 0.01078, 0.00777, 0.005318, 0.008156, 0.005799, 0.004161, 0.006421, 0.009096, 0.011518, 0.013016, 0.008723, 0.008409, 0.013821, 0.020522, 0.038042, 0.044297, 0.05306, 0.051831, 0.111485, 0.083462, 0.11371, 0.092881, 0.144935, 0.268042, 0.239899, 0.366687, 0.505461, 0.461924, 0.408655]","{}"
