uniprot_accession,seq_crc32,cysteines,iup,red,regions
Q96VH2,3250109895,"[]","[0.291804, 0.332115, 0.387226, 0.401658, 0.390993, 0.295083, 0.239899, 0.268042, 0.264545, 0.301917, 0.335645, 0.359901, 0.370445, 0.366687, 0.436924, 0.483068, 0.461924, 0.380708, 0.458154, 0.436924, 0.359901, 0.370445, 0.366687, 0.281712, 0.222385, 0.17593, 0.26085, 0.328603, 0.328603, 0.301917, 0.216401, 0.196879, 0.194234, 0.194234, 0.196879, 0.170161, 0.185198, 0.182256, 0.25031, 0.264545, 0.281712, 0.291804, 0.206376, 0.209395, 0.21291, 0.203355, 0.291804, 0.30533, 0.298791, 0.298791, 0.366687, 0.454136, 0.476583, 0.480142, 0.458154, 0.377384, 0.342579, 0.298791, 0.236433, 0.236433, 0.222385, 0.225814, 0.288399, 0.278302, 0.275179, 0.288399, 0.36309, 0.36309, 0.275179, 0.278302, 0.291804, 0.291804, 0.288399, 0.196879, 0.17593, 0.155435, 0.206376, 0.284882, 0.324872, 0.394753, 0.374039, 0.342579, 0.311707, 0.288399]","[0.291804, 0.332115, 0.387226, 0.401658, 0.390993, 0.295083, 0.239899, 0.268042, 0.264545, 0.301917, 0.335645, 0.359901, 0.370445, 0.366687, 0.436924, 0.483068, 0.461924, 0.380708, 0.458154, 0.436924, 0.359901, 0.370445, 0.366687, 0.281712, 0.222385, 0.17593, 0.26085, 0.328603, 0.328603, 0.301917, 0.216401, 0.196879, 0.194234, 0.194234, 0.196879, 0.170161, 0.185198, 0.182256, 0.25031, 0.264545, 0.281712, 0.291804, 0.206376, 0.209395, 0.21291, 0.203355, 0.291804, 0.30533, 0.298791, 0.298791, 0.366687, 0.454136, 0.476583, 0.480142, 0.458154, 0.377384, 0.342579, 0.298791, 0.236433, 0.236433, 0.222385, 0.225814, 0.288399, 0.278302, 0.275179, 0.288399, 0.36309, 0.36309, 0.275179, 0.278302, 0.291804, 0.291804, 0.288399, 0.196879, 0.17593, 0.155435, 0.206376, 0.284882, 0.324872, 0.394753, 0.374039, 0.342579, 0.311707, 0.288399]","{}"
