uniprot_accession,seq_crc32,cysteines,iup,red,regions
Q96VH5,588391402,"[]","[0.779859, 0.779859, 0.771762, 0.779859, 0.83125, 0.819762, 0.819762, 0.83125, 0.819762, 0.834292, 0.83125, 0.876521, 0.885302, 0.868118, 0.856457, 0.819762, 0.801317, 0.801317, 0.694846, 0.56648, 0.538167, 0.585406, 0.585406, 0.486429, 0.490133, 0.374039, 0.318242, 0.236433, 0.222385, 0.243554, 0.196879, 0.132295, 0.085092, 0.083462, 0.088832, 0.074921, 0.090864, 0.094817, 0.046336, 0.078022, 0.086953, 0.083462, 0.055536, 0.028107, 0.049374, 0.045352, 0.050641, 0.045352, 0.03976, 0.021816, 0.020165, 0.025316, 0.044297, 0.055536, 0.027463, 0.033407, 0.026892, 0.020522, 0.013437, 0.023963, 0.015344, 0.021816, 0.01227, 0.016826, 0.021381, 0.020876, 0.022667, 0.033407, 0.030003, 0.047319, 0.098513, 0.100716, 0.100716, 0.079919, 0.058088, 0.059222, 0.049374, 0.071867, 0.116183, 0.15284, 0.15284, 0.15008, 0.155435, 0.25031, 0.243554, 0.308712, 0.243554, 0.209395, 0.182256, 0.26085, 0.271506, 0.222385, 0.191378, 0.147574, 0.15008, 0.229226, 0.387226]","[0.779859, 0.779859, 0.771762, 0.779859, 0.83125, 0.819762, 0.819762, 0.83125, 0.819762, 0.834292, 0.83125, 0.876521, 0.885302, 0.868118, 0.856457, 0.819762, 0.801317, 0.801317, 0.694846, 0.56648, 0.538167, 0.585406, 0.585406, 0.486429, 0.490133, 0.374039, 0.318242, 0.236433, 0.222385, 0.243554, 0.196879, 0.132295, 0.085092, 0.083462, 0.088832, 0.074921, 0.090864, 0.094817, 0.046336, 0.078022, 0.086953, 0.083462, 0.055536, 0.028107, 0.049374, 0.045352, 0.050641, 0.045352, 0.03976, 0.021816, 0.020165, 0.025316, 0.044297, 0.055536, 0.027463, 0.033407, 0.026892, 0.020522, 0.013437, 0.023963, 0.015344, 0.021816, 0.01227, 0.016826, 0.021381, 0.020876, 0.022667, 0.033407, 0.030003, 0.047319, 0.098513, 0.100716, 0.100716, 0.079919, 0.058088, 0.059222, 0.049374, 0.071867, 0.116183, 0.15284, 0.15284, 0.15008, 0.155435, 0.25031, 0.243554, 0.308712, 0.243554, 0.209395, 0.182256, 0.26085, 0.271506, 0.222385, 0.191378, 0.147574, 0.15008, 0.229226, 0.387226]","{}"
