uniprot_accession,seq_crc32,cysteines,iup,red,regions
P0C2H8,1291236419,"[]","[0.301917, 0.196879, 0.25031, 0.164327, 0.222385, 0.161087, 0.206376, 0.236433, 0.264545, 0.209395, 0.25031, 0.281712, 0.239899, 0.243554, 0.216401, 0.21291, 0.21291, 0.275179, 0.311707, 0.332115, 0.328603, 0.301917, 0.321458, 0.318242, 0.408655, 0.301917, 0.380708, 0.370445, 0.264545, 0.239899, 0.318242, 0.225814, 0.243554, 0.278302, 0.275179, 0.387226, 0.387226, 0.387226, 0.324872, 0.352862, 0.247041, 0.222385, 0.278302, 0.339168, 0.26085, 0.275179, 0.370445, 0.342579, 0.257454, 0.26085, 0.288399, 0.284882, 0.359901, 0.284882, 0.311707, 0.311707, 0.243554, 0.243554, 0.164327, 0.222385, 0.15284, 0.222385, 0.17593, 0.15284, 0.092881, 0.144935, 0.132295, 0.127496, 0.144935, 0.236433, 0.339168, 0.339168, 0.339168, 0.342579, 0.380708, 0.377384, 0.394753, 0.490133, 0.408655, 0.390993, 0.390993, 0.387226, 0.321458, 0.401658, 0.4292, 0.458154, 0.380708, 0.318242, 0.295083, 0.295083, 0.25406, 0.25406, 0.25031, 0.17593, 0.182256, 0.21291, 0.158265, 0.102787, 0.060549, 0.096677, 0.170161, 0.167087, 0.219301, 0.257454, 0.229226, 0.170161, 0.209395, 0.271506, 0.321458, 0.328603, 0.291804, 0.298791, 0.25406]","[0.301917, 0.196879, 0.25031, 0.164327, 0.222385, 0.161087, 0.206376, 0.236433, 0.264545, 0.209395, 0.25031, 0.281712, 0.239899, 0.243554, 0.216401, 0.21291, 0.21291, 0.275179, 0.311707, 0.332115, 0.328603, 0.301917, 0.321458, 0.318242, 0.408655, 0.301917, 0.380708, 0.370445, 0.264545, 0.239899, 0.318242, 0.225814, 0.243554, 0.278302, 0.275179, 0.387226, 0.387226, 0.387226, 0.324872, 0.352862, 0.247041, 0.222385, 0.278302, 0.339168, 0.26085, 0.275179, 0.370445, 0.342579, 0.257454, 0.26085, 0.288399, 0.284882, 0.359901, 0.284882, 0.311707, 0.311707, 0.243554, 0.243554, 0.164327, 0.222385, 0.15284, 0.222385, 0.17593, 0.15284, 0.092881, 0.144935, 0.132295, 0.127496, 0.144935, 0.236433, 0.339168, 0.339168, 0.339168, 0.342579, 0.380708, 0.377384, 0.394753, 0.490133, 0.408655, 0.390993, 0.390993, 0.387226, 0.321458, 0.401658, 0.4292, 0.458154, 0.380708, 0.318242, 0.295083, 0.295083, 0.25406, 0.25406, 0.25031, 0.17593, 0.182256, 0.21291, 0.158265, 0.102787, 0.060549, 0.096677, 0.170161, 0.167087, 0.219301, 0.257454, 0.229226, 0.170161, 0.209395, 0.271506, 0.321458, 0.328603, 0.291804, 0.298791, 0.25406]","{}"
