uniprot_accession,seq_crc32,cysteines,iup,red,regions
A0A023PXI4,1239522942,"[5, 18, 54, 99]","[0.003298, 0.004689, 0.004358, 0.005623, 0.008002, 0.009728, 0.006701, 0.005799, 0.004921, 0.004388, 0.003864, 0.004247, 0.004247, 0.006039, 0.003963, 0.005872, 0.005799, 0.007495, 0.011342, 0.010926, 0.006894, 0.007645, 0.007877, 0.007091, 0.004899, 0.004431, 0.003431, 0.004899, 0.006421, 0.006245, 0.008525, 0.012727, 0.012491, 0.012491, 0.014315, 0.025762, 0.012727, 0.020876, 0.011342, 0.009401, 0.006619, 0.009483, 0.016021, 0.00962, 0.016021, 0.017447, 0.018787, 0.018415, 0.018415, 0.018415, 0.026338, 0.025762, 0.026892, 0.034884, 0.06184, 0.049374, 0.020876, 0.041405, 0.033407, 0.06312, 0.041405, 0.081712, 0.041405, 0.036378, 0.034068, 0.018787, 0.032677, 0.030003, 0.045352, 0.058088, 0.066181, 0.044297, 0.045352, 0.018787, 0.016257, 0.018415, 0.019401, 0.041405, 0.041405, 0.028695, 0.017138, 0.017447, 0.010672, 0.009483, 0.01078, 0.017447, 0.014783, 0.014586, 0.009728, 0.008723, 0.005734, 0.005734, 0.008156, 0.006039, 0.006619, 0.005683, 0.004577, 0.003727, 0.003109, 0.002336, 0.002581, 0.003079, 0.00359, 0.004315, 0.006482]","[0.005734, 0.008156, 0.007031, 0.009401, 0.015078, 0.019401, 0.010926, 0.013821, 0.010372, 0.008624, 0.007259, 0.008156, 0.008075, 0.013821, 0.00777, 0.009015, 0.008895, 0.012727, 0.023087, 0.022667, 0.011106, 0.013437, 0.013821, 0.011903, 0.007177, 0.006482, 0.004899, 0.007177, 0.007177, 0.006988, 0.009483, 0.015078, 0.015344, 0.015078, 0.017138, 0.032677, 0.015344, 0.025762, 0.013437, 0.010672, 0.007315, 0.01078, 0.019401, 0.017138, 0.032677, 0.03976, 0.043307, 0.041405, 0.041405, 0.041405, 0.06184, 0.06184, 0.066181, 0.081712, 0.142424, 0.118441, 0.049374, 0.098513, 0.081712, 0.144935, 0.10481, 0.182256, 0.102787, 0.088832, 0.048328, 0.024826, 0.045352, 0.041405, 0.064632, 0.083462, 0.096677, 0.067594, 0.067594, 0.026338, 0.023087, 0.025762, 0.027463, 0.06312, 0.06312, 0.042364, 0.023534, 0.023963, 0.014075, 0.01204, 0.014315, 0.024393, 0.020165, 0.020165, 0.020165, 0.016528, 0.009096, 0.009096, 0.014783, 0.009483, 0.010926, 0.009096, 0.007091, 0.005872, 0.004835, 0.003757, 0.004388, 0.005249, 0.006421, 0.008156, 0.016021]","{}"
