uniprot_accession,seq_crc32,cysteines,iup,red,regions
Q6B2I9,1328364586,"[28, 30]","[0.25406, 0.328603, 0.380708, 0.25031, 0.155435, 0.086953, 0.116183, 0.137348, 0.098513, 0.059222, 0.038858, 0.023963, 0.014586, 0.00962, 0.006374, 0.006078, 0.005249, 0.00407, 0.00407, 0.003177, 0.003431, 0.002623, 0.002512, 0.002512, 0.002503, 0.00231, 0.003177, 0.003177, 0.003298, 0.00316, 0.00292, 0.00407, 0.004414, 0.004161, 0.004899, 0.007177, 0.006421, 0.005503, 0.006988, 0.010672, 0.016528, 0.028107, 0.047319, 0.050641, 0.050641, 0.05306, 0.05306, 0.036378, 0.019109, 0.014315, 0.023534, 0.056825, 0.049374, 0.040537, 0.085092, 0.120615, 0.058088, 0.037156, 0.074921, 0.083462, 0.081712, 0.081712, 0.094817, 0.045352, 0.043307, 0.044297, 0.066181, 0.137348, 0.196879, 0.200174, 0.229226, 0.164327, 0.125101, 0.125101, 0.243554, 0.134866, 0.137348, 0.229226, 0.239899, 0.144935, 0.109221, 0.046336, 0.023963, 0.024393, 0.055536, 0.055536, 0.045352, 0.067594, 0.036378, 0.031287, 0.026338, 0.030003, 0.026338, 0.018787, 0.010672, 0.007259, 0.011106, 0.007031, 0.004646, 0.005249, 0.006039, 0.005683, 0.007091, 0.008804, 0.006374, 0.004611, 0.003341, 0.002435, 0.001383]","[0.278302, 0.352862, 0.41194, 0.275179, 0.17593, 0.100716, 0.129801, 0.155435, 0.11371, 0.0704, 0.044297, 0.027463, 0.016257, 0.010372, 0.006795, 0.006482, 0.00558, 0.005318, 0.005318, 0.005086, 0.00558, 0.004358, 0.004161, 0.004161, 0.004135, 0.003727, 0.005086, 0.00515, 0.005378, 0.005011, 0.004736, 0.006701, 0.007422, 0.006894, 0.008409, 0.014315, 0.011669, 0.00962, 0.009728, 0.017797, 0.019109, 0.033407, 0.058088, 0.06184, 0.06312, 0.06312, 0.06312, 0.043307, 0.021816, 0.016528, 0.026892, 0.066181, 0.058088, 0.047319, 0.100716, 0.137348, 0.067594, 0.043307, 0.088832, 0.096677, 0.098513, 0.096677, 0.11371, 0.055536, 0.05306, 0.054297, 0.079919, 0.164327, 0.232838, 0.232838, 0.268042, 0.194234, 0.15284, 0.15284, 0.281712, 0.164327, 0.167087, 0.264545, 0.275179, 0.173081, 0.132295, 0.055536, 0.028107, 0.028695, 0.064632, 0.064632, 0.054297, 0.079919, 0.042364, 0.037156, 0.030611, 0.034884, 0.031287, 0.021381, 0.011518, 0.007645, 0.01227, 0.007422, 0.004835, 0.005503, 0.006245, 0.005932, 0.007555, 0.009401, 0.006701, 0.004835, 0.003478, 0.002529, 0.001434]","{}"
