uniprot_accession,seq_crc32,cysteines,iup,red,regions
A0A023PYJ4,867005164,"[40]","[0.179055, 0.225814, 0.26085, 0.170161, 0.066181, 0.081712, 0.044297, 0.058088, 0.067594, 0.032017, 0.038858, 0.06184, 0.127496, 0.127496, 0.144935, 0.083462, 0.031287, 0.038042, 0.019401, 0.009483, 0.020522, 0.021381, 0.01227, 0.007259, 0.006894, 0.007877, 0.005872, 0.005992, 0.005318, 0.004431, 0.006567, 0.004921, 0.003053, 0.001778, 0.001692, 0.001572, 0.002327, 0.003405, 0.002336, 0.003366, 0.003727, 0.003555, 0.003512, 0.00515, 0.005799, 0.005249, 0.005223, 0.004611, 0.006894, 0.005623, 0.004577, 0.003512, 0.004689, 0.007555, 0.014586, 0.016257, 0.017797, 0.020165, 0.020165, 0.016826, 0.009483, 0.014315, 0.013437, 0.008525, 0.007645, 0.011342, 0.010672, 0.01078, 0.022667, 0.021381, 0.023534, 0.064632, 0.049374, 0.025762, 0.025762, 0.024393, 0.012491, 0.013437, 0.010926, 0.009865, 0.011669, 0.020165, 0.022667, 0.011342, 0.021381, 0.013437, 0.013613, 0.023963, 0.019109, 0.015694, 0.009096, 0.010926, 0.006245, 0.009728, 0.015694, 0.009015, 0.00962, 0.014586, 0.009187, 0.005992, 0.004835, 0.005623, 0.004577, 0.003671, 0.004899, 0.003671, 0.003963, 0.00292, 0.002512, 0.003701, 0.003246]","[0.191378, 0.239899, 0.275179, 0.182256, 0.071867, 0.088832, 0.048328, 0.06312, 0.073402, 0.034884, 0.042364, 0.069024, 0.139895, 0.139895, 0.158265, 0.092881, 0.034884, 0.042364, 0.021381, 0.010131, 0.022667, 0.023963, 0.013437, 0.007645, 0.007259, 0.008409, 0.006142, 0.006245, 0.00558, 0.00558, 0.008525, 0.006194, 0.003757, 0.002349, 0.002211, 0.002035, 0.002761, 0.004161, 0.0028, 0.00407, 0.004513, 0.004358, 0.004315, 0.006374, 0.007091, 0.006482, 0.006374, 0.005623, 0.008624, 0.006894, 0.004646, 0.00359, 0.004775, 0.007877, 0.015344, 0.017138, 0.018415, 0.021381, 0.021381, 0.017797, 0.009728, 0.015078, 0.014075, 0.008804, 0.007877, 0.011903, 0.011106, 0.011342, 0.024393, 0.022667, 0.024826, 0.069024, 0.05306, 0.027463, 0.027463, 0.025316, 0.013265, 0.014315, 0.011518, 0.010221, 0.01227, 0.021816, 0.023963, 0.011903, 0.022667, 0.014075, 0.014315, 0.025316, 0.020165, 0.016528, 0.009401, 0.011518, 0.006533, 0.010131, 0.016528, 0.009294, 0.010131, 0.015344, 0.009483, 0.006142, 0.004976, 0.005734, 0.004689, 0.003757, 0.005011, 0.003757, 0.004135, 0.003053, 0.002581, 0.003821, 0.003298]","{}"
