uniprot_accession,seq_crc32,cysteines,iup,red,regions
A0A023PYJ7,98883819,"[66, 69, 84, 98]","[0.008804, 0.006194, 0.008276, 0.01204, 0.017138, 0.021381, 0.015694, 0.008895, 0.007091, 0.008804, 0.00777, 0.006567, 0.009865, 0.018106, 0.010672, 0.01078, 0.009483, 0.012491, 0.008525, 0.005683, 0.00407, 0.00543, 0.007259, 0.007031, 0.004247, 0.00407, 0.003079, 0.002482, 0.0028, 0.003924, 0.003864, 0.005011, 0.007555, 0.008002, 0.006039, 0.008409, 0.008895, 0.008624, 0.008804, 0.015078, 0.011669, 0.022667, 0.01204, 0.008409, 0.006039, 0.009865, 0.006988, 0.009728, 0.011669, 0.019109, 0.01204, 0.007645, 0.005799, 0.003997, 0.002727, 0.002529, 0.002014, 0.001318, 0.001391, 0.001434, 0.000958, 0.001211, 0.000687, 0.000704, 0.000687, 0.001061, 0.000532, 0.000614, 0.000648, 0.001112, 0.000567, 0.000842, 0.000833, 0.00076, 0.000747, 0.001271, 0.001, 0.001374, 0.001374, 0.001808, 0.001743, 0.002349, 0.002336, 0.002396, 0.002366, 0.003246, 0.002366, 0.002705, 0.003478, 0.003607, 0.002503, 0.00292, 0.002117, 0.00225, 0.002138, 0.002155, 0.001675, 0.002366, 0.001675, 0.002503, 0.002581, 0.002555, 0.002606, 0.002512, 0.003512, 0.003461, 0.002881, 0.003366, 0.003804, 0.003177, 0.002327, 0.002662, 0.003246, 0.004135, 0.00515, 0.007422]","[0.010221, 0.007091, 0.00962, 0.015344, 0.022306, 0.028695, 0.020522, 0.010509, 0.008409, 0.010509, 0.009187, 0.007645, 0.01227, 0.023534, 0.013437, 0.013613, 0.011518, 0.016528, 0.010131, 0.006567, 0.004689, 0.006374, 0.008895, 0.008624, 0.004899, 0.004736, 0.003555, 0.00292, 0.003366, 0.004577, 0.004431, 0.005932, 0.009294, 0.009865, 0.007177, 0.010221, 0.010926, 0.010509, 0.010509, 0.0198, 0.015078, 0.030611, 0.015694, 0.009865, 0.007031, 0.01227, 0.008276, 0.01227, 0.015344, 0.026892, 0.016528, 0.009401, 0.006795, 0.004689, 0.003276, 0.003924, 0.00316, 0.002117, 0.003014, 0.003109, 0.002276, 0.002606, 0.001675, 0.001675, 0.001675, 0.002366, 0.001434, 0.001533, 0.001572, 0.002396, 0.001434, 0.001855, 0.001808, 0.00243, 0.002396, 0.003478, 0.00225, 0.0028, 0.0028, 0.00283, 0.002727, 0.003512, 0.003478, 0.003607, 0.003607, 0.004775, 0.003555, 0.005503, 0.006988, 0.007315, 0.005011, 0.005992, 0.004315, 0.004513, 0.003298, 0.003405, 0.002688, 0.003727, 0.002688, 0.003924, 0.003997, 0.003963, 0.004135, 0.00389, 0.005378, 0.005223, 0.004431, 0.005249, 0.004414, 0.003671, 0.002606, 0.003177, 0.003701, 0.004736, 0.005992, 0.008895]","{}"
