uniprot_accession,seq_crc32,cysteines,iup,red,regions
A0A023PYK2,4049380643,"[44, 107, 109]","[0.570702, 0.604312, 0.622677, 0.494003, 0.525368, 0.525368, 0.529623, 0.494003, 0.40511, 0.450668, 0.387226, 0.440853, 0.440853, 0.42561, 0.418646, 0.422041, 0.332115, 0.206376, 0.090864, 0.067594, 0.054297, 0.023534, 0.018787, 0.017447, 0.024826, 0.01227, 0.009483, 0.007259, 0.006039, 0.008156, 0.007555, 0.009865, 0.009294, 0.006701, 0.004513, 0.004689, 0.005932, 0.005734, 0.006421, 0.006482, 0.004899, 0.005932, 0.005872, 0.007031, 0.00558, 0.00558, 0.006078, 0.005086, 0.006482, 0.009401, 0.009728, 0.00962, 0.009483, 0.00962, 0.014075, 0.030003, 0.018106, 0.0198, 0.032677, 0.060549, 0.125101, 0.239899, 0.134866, 0.137348, 0.11371, 0.125101, 0.060549, 0.106997, 0.203355, 0.225814, 0.216401, 0.229226, 0.236433, 0.25031, 0.26085, 0.264545, 0.173081, 0.155435, 0.086953, 0.074921, 0.056825, 0.032677, 0.024393, 0.056825, 0.056825, 0.034068, 0.054297, 0.125101, 0.074921, 0.048328, 0.048328, 0.043307, 0.043307, 0.03976, 0.022306, 0.010926, 0.007877, 0.008156, 0.008002, 0.011518, 0.013821, 0.013016, 0.016528, 0.016021, 0.011669, 0.0198, 0.028107, 0.019401, 0.012727, 0.018415, 0.024393]","[0.604312, 0.642678, 0.661982, 0.525368, 0.557691, 0.56648, 0.575842, 0.538167, 0.444081, 0.490133, 0.42561, 0.480142, 0.483068, 0.468512, 0.465241, 0.468512, 0.377384, 0.25031, 0.118441, 0.086953, 0.0704, 0.029376, 0.023087, 0.021816, 0.032017, 0.014783, 0.01078, 0.008075, 0.006567, 0.009096, 0.008525, 0.011342, 0.010509, 0.009977, 0.006421, 0.006619, 0.008624, 0.008409, 0.009483, 0.00962, 0.006988, 0.008723, 0.008624, 0.010672, 0.008075, 0.008075, 0.009096, 0.007422, 0.009728, 0.016528, 0.017797, 0.017797, 0.016826, 0.017447, 0.017138, 0.038042, 0.022306, 0.024826, 0.041405, 0.076542, 0.15284, 0.281712, 0.167087, 0.170161, 0.139895, 0.15284, 0.076542, 0.129801, 0.236433, 0.264545, 0.25406, 0.264545, 0.275179, 0.288399, 0.298791, 0.30533, 0.21291, 0.194234, 0.11371, 0.098513, 0.076542, 0.044297, 0.032017, 0.076542, 0.074921, 0.045352, 0.073402, 0.161087, 0.102787, 0.067594, 0.066181, 0.059222, 0.059222, 0.054297, 0.028695, 0.013437, 0.013265, 0.013613, 0.021381, 0.038042, 0.049374, 0.047319, 0.067594, 0.071867, 0.050641, 0.106997, 0.164327, 0.127496, 0.088832, 0.15008, 0.225814]","{}"
