uniprot_accession,seq_crc32,cysteines,iup,red,regions
Q6Q5K6,422512940,"[24]","[0.699094, 0.497853, 0.366687, 0.295083, 0.335645, 0.370445, 0.324872, 0.288399, 0.236433, 0.278302, 0.30533, 0.339168, 0.268042, 0.229226, 0.225814, 0.185198, 0.185198, 0.268042, 0.264545, 0.17593, 0.185198, 0.173081, 0.264545, 0.295083, 0.359901, 0.356642, 0.349426, 0.324872, 0.311707, 0.284882, 0.308712, 0.301917, 0.308712, 0.384043, 0.390993, 0.42561, 0.458154, 0.433034, 0.433034, 0.346032, 0.332115, 0.295083, 0.239899, 0.257454, 0.324872, 0.332115, 0.328603, 0.328603, 0.339168, 0.401658, 0.509769, 0.390993, 0.390993, 0.380708, 0.387226, 0.447574, 0.41194, 0.42561, 0.436924, 0.40511, 0.476583, 0.562014, 0.585406, 0.680603, 0.632174, 0.59508, 0.553315, 0.534167]","[0.728858, 0.521092, 0.390993, 0.31487, 0.356642, 0.390993, 0.346032, 0.308712, 0.257454, 0.298791, 0.324872, 0.359901, 0.288399, 0.318242, 0.311707, 0.268042, 0.268042, 0.349426, 0.346032, 0.25031, 0.268042, 0.25031, 0.346032, 0.377384, 0.444081, 0.440853, 0.433034, 0.41194, 0.398279, 0.370445, 0.394753, 0.387226, 0.394753, 0.476583, 0.414856, 0.450668, 0.483068, 0.458154, 0.458154, 0.370445, 0.356642, 0.318242, 0.264545, 0.278302, 0.346032, 0.356642, 0.352862, 0.352862, 0.359901, 0.42561, 0.538167, 0.41194, 0.41194, 0.401658, 0.408655, 0.468512, 0.433034, 0.447574, 0.458154, 0.42561, 0.5017, 0.59508, 0.618285, 0.712013, 0.666105, 0.626927, 0.59014, 0.56648]","{}"
