uniprot_accession,seq_crc32,cysteines,iup,red,regions
A0A023PZL7,2779290832,"[]","[0.291804, 0.36309, 0.414856, 0.468512, 0.380708, 0.42561, 0.458154, 0.486429, 0.505461, 0.534167, 0.570702, 0.622677, 0.538167, 0.642678, 0.653063, 0.754692, 0.657645, 0.661982, 0.728858, 0.622677, 0.557691, 0.553315, 0.529623, 0.51388, 0.394753, 0.394753, 0.387226, 0.380708, 0.298791, 0.321458, 0.311707, 0.291804, 0.281712, 0.335645, 0.239899, 0.21291, 0.127496, 0.21291, 0.21291, 0.229226, 0.239899, 0.321458, 0.271506, 0.216401, 0.170161, 0.243554, 0.321458, 0.311707, 0.243554, 0.25031, 0.17593, 0.191378, 0.203355, 0.209395, 0.127496, 0.21291, 0.129801, 0.219301, 0.209395, 0.21291, 0.239899, 0.229226, 0.200174, 0.200174, 0.232838, 0.209395, 0.239899, 0.236433, 0.247041, 0.324872, 0.401658, 0.454136, 0.450668, 0.444081, 0.454136, 0.58069, 0.58069, 0.750527, 0.745909, 0.750527, 0.745909, 0.642678, 0.642678, 0.685117, 0.759478, 0.784345, 0.874069, 0.871313, 0.801317, 0.788093, 0.771762, 0.791621, 0.798249, 0.716283, 0.712013, 0.728858, 0.728858, 0.759478, 0.754692, 0.666105, 0.653063, 0.657645, 0.73685, 0.83125, 0.819762, 0.83125, 0.849326, 0.724957, 0.622677, 0.712013, 0.699094, 0.694846, 0.642678, 0.622677, 0.716283, 0.699094, 0.622677, 0.575842, 0.490133]","[0.291804, 0.36309, 0.414856, 0.468512, 0.380708, 0.42561, 0.458154, 0.486429, 0.505461, 0.534167, 0.570702, 0.622677, 0.538167, 0.642678, 0.653063, 0.754692, 0.657645, 0.661982, 0.728858, 0.622677, 0.557691, 0.553315, 0.529623, 0.51388, 0.394753, 0.394753, 0.387226, 0.380708, 0.298791, 0.321458, 0.311707, 0.291804, 0.281712, 0.335645, 0.239899, 0.21291, 0.127496, 0.21291, 0.21291, 0.229226, 0.239899, 0.321458, 0.271506, 0.216401, 0.170161, 0.243554, 0.321458, 0.311707, 0.243554, 0.25031, 0.17593, 0.191378, 0.203355, 0.209395, 0.127496, 0.21291, 0.129801, 0.219301, 0.209395, 0.21291, 0.239899, 0.229226, 0.200174, 0.200174, 0.232838, 0.209395, 0.239899, 0.236433, 0.247041, 0.324872, 0.401658, 0.454136, 0.450668, 0.444081, 0.454136, 0.58069, 0.58069, 0.750527, 0.745909, 0.750527, 0.745909, 0.642678, 0.642678, 0.685117, 0.759478, 0.784345, 0.874069, 0.871313, 0.801317, 0.788093, 0.771762, 0.791621, 0.798249, 0.716283, 0.712013, 0.728858, 0.728858, 0.759478, 0.754692, 0.666105, 0.653063, 0.657645, 0.73685, 0.83125, 0.819762, 0.83125, 0.849326, 0.724957, 0.622677, 0.712013, 0.699094, 0.694846, 0.642678, 0.622677, 0.716283, 0.699094, 0.622677, 0.575842, 0.490133]","{}"
