uniprot_accession,seq_crc32,cysteines,iup,red,regions
P0C5N2,846375924,"[7, 30]","[0.015694, 0.010372, 0.008075, 0.009865, 0.011518, 0.014315, 0.012491, 0.009865, 0.008525, 0.007877, 0.009096, 0.007555, 0.006619, 0.006795, 0.006421, 0.005086, 0.005223, 0.007091, 0.007315, 0.00543, 0.007422, 0.007091, 0.008276, 0.011106, 0.011106, 0.012727, 0.00777, 0.010509, 0.017797, 0.027463, 0.019109, 0.019401, 0.027463, 0.023087, 0.033407, 0.049374, 0.078022, 0.129801, 0.096677, 0.058088, 0.116183, 0.079919]","[0.05306, 0.026892, 0.016528, 0.021816, 0.028107, 0.035586, 0.028107, 0.0198, 0.015694, 0.013613, 0.016528, 0.013016, 0.01078, 0.011106, 0.010509, 0.007877, 0.008075, 0.008723, 0.009096, 0.008624, 0.013265, 0.01227, 0.016021, 0.025316, 0.025316, 0.029376, 0.014586, 0.023087, 0.044297, 0.071867, 0.048328, 0.048328, 0.074921, 0.06312, 0.094817, 0.137348, 0.206376, 0.30533, 0.257454, 0.185198, 0.164327, 0.120615]","{}"
