uniprot_accession,seq_crc32,cysteines,iup,red,regions
P0C5P4,97184446,"[]","[0.023963, 0.015344, 0.01078, 0.016021, 0.011342, 0.015344, 0.011106, 0.015344, 0.024393, 0.037156, 0.048328, 0.071867, 0.036378, 0.083462, 0.047319, 0.049374, 0.051831, 0.100716, 0.155435, 0.15284, 0.078022, 0.059222, 0.11371, 0.109221, 0.109221, 0.088832, 0.090864, 0.158265, 0.076542, 0.034884, 0.033407, 0.018787, 0.016826, 0.031287, 0.030611, 0.058088, 0.031287, 0.031287, 0.034068, 0.034884, 0.051831, 0.092881, 0.137348, 0.100716, 0.161087, 0.129801, 0.26085, 0.222385, 0.185198, 0.36309]","[0.023963, 0.015344, 0.01078, 0.016021, 0.011342, 0.015344, 0.011106, 0.015344, 0.024393, 0.037156, 0.048328, 0.071867, 0.036378, 0.083462, 0.047319, 0.049374, 0.051831, 0.100716, 0.155435, 0.15284, 0.078022, 0.059222, 0.11371, 0.109221, 0.109221, 0.088832, 0.090864, 0.158265, 0.076542, 0.034884, 0.033407, 0.018787, 0.016826, 0.031287, 0.030611, 0.058088, 0.031287, 0.031287, 0.034068, 0.034884, 0.051831, 0.092881, 0.137348, 0.100716, 0.161087, 0.129801, 0.26085, 0.222385, 0.185198, 0.36309]","{}"
