uniprot_accession,seq_crc32,cysteines,iup,red,regions
P0C5Q2,2089010160,"[]","[0.015078, 0.025762, 0.010221, 0.014315, 0.023087, 0.016257, 0.009728, 0.013437, 0.009401, 0.011903, 0.009015, 0.009015, 0.007495, 0.006795, 0.007091, 0.004835, 0.006482, 0.00558, 0.004611, 0.003757, 0.002705, 0.003431, 0.002396, 0.003555, 0.002503, 0.001434]","[0.015078, 0.025762, 0.010221, 0.014315, 0.023087, 0.016257, 0.009728, 0.013437, 0.009401, 0.011903, 0.009015, 0.009015, 0.007495, 0.006795, 0.007091, 0.004835, 0.006482, 0.00558, 0.004611, 0.003757, 0.002705, 0.003431, 0.002396, 0.003555, 0.002503, 0.001434]","{}"
