uniprot_accession,seq_crc32,cysteines,iup,red,regions
P0C5Q6,917056832,"[74]","[0.008409, 0.01078, 0.009401, 0.014315, 0.021381, 0.017447, 0.028695, 0.041405, 0.028695, 0.040537, 0.024393, 0.025316, 0.044297, 0.034884, 0.058088, 0.066181, 0.049374, 0.048328, 0.05306, 0.058088, 0.098513, 0.158265, 0.11371, 0.161087, 0.167087, 0.167087, 0.129801, 0.116183, 0.118441, 0.118441, 0.116183, 0.116183, 0.127496, 0.158265, 0.088832, 0.088832, 0.059222, 0.038042, 0.076542, 0.129801, 0.118441, 0.134866, 0.15284, 0.222385, 0.164327, 0.167087, 0.15284, 0.275179, 0.278302, 0.182256, 0.278302, 0.196879, 0.225814, 0.137348, 0.056825, 0.118441, 0.120615, 0.106997, 0.196879, 0.179055, 0.098513, 0.049374, 0.043307, 0.026892, 0.020165, 0.024393, 0.016528, 0.013016, 0.009483, 0.007031, 0.008409, 0.006078, 0.006533, 0.008075]","[0.008624, 0.011518, 0.009728, 0.015344, 0.023534, 0.018787, 0.031287, 0.045352, 0.031287, 0.044297, 0.026338, 0.028107, 0.048328, 0.038042, 0.06312, 0.073402, 0.055536, 0.054297, 0.060549, 0.066181, 0.111485, 0.17593, 0.125101, 0.179055, 0.182256, 0.182256, 0.142424, 0.127496, 0.129801, 0.129801, 0.125101, 0.125101, 0.142424, 0.173081, 0.096677, 0.096677, 0.064632, 0.042364, 0.083462, 0.139895, 0.127496, 0.144935, 0.164327, 0.239899, 0.17593, 0.179055, 0.167087, 0.291804, 0.295083, 0.194234, 0.295083, 0.21291, 0.243554, 0.147574, 0.06184, 0.129801, 0.132295, 0.118441, 0.21291, 0.191378, 0.106997, 0.055536, 0.047319, 0.040537, 0.030003, 0.037156, 0.024393, 0.019109, 0.013437, 0.009187, 0.011518, 0.008156, 0.009096, 0.01204]","{}"
