uniprot_accession,seq_crc32,cysteines,iup,red,regions
Q8TGQ7,907883362,"[]","[0.018787, 0.016826, 0.009728, 0.00777, 0.005318, 0.004135, 0.003997, 0.004835, 0.004315, 0.003864, 0.003405, 0.003014, 0.002512, 0.001936, 0.002138, 0.001967, 0.002482, 0.002581, 0.001675, 0.001172, 0.000468, 0.000854, 0.001061, 0.001249, 0.001288, 0.001597, 0.001967, 0.001872, 0.001391, 0.001533, 0.001675, 0.002117, 0.002581]","[0.018787, 0.016826, 0.009728, 0.00777, 0.005318, 0.004135, 0.003997, 0.004835, 0.004315, 0.003864, 0.003405, 0.003014, 0.002512, 0.001936, 0.002138, 0.001967, 0.002482, 0.002581, 0.001675, 0.001172, 0.000468, 0.000854, 0.001061, 0.001249, 0.001288, 0.001597, 0.001967, 0.001872, 0.001391, 0.001533, 0.001675, 0.002117, 0.002581]","{}"
