uniprot_accession,seq_crc32,cysteines,iup,red,regions
P0C5Q8,1694593468,"[5]","[0.006894, 0.010372, 0.013016, 0.007315, 0.008804, 0.006078, 0.004483, 0.005318, 0.004646, 0.003671, 0.004513, 0.005503, 0.004161, 0.005932, 0.009096, 0.011342, 0.018106, 0.016826, 0.013437, 0.011518, 0.014315, 0.012727, 0.011106, 0.013016, 0.013265, 0.008276, 0.008156, 0.016257, 0.010509, 0.010509, 0.016826, 0.014783, 0.014586, 0.015344, 0.014586, 0.015078, 0.008075, 0.008156, 0.006701, 0.00962, 0.008624, 0.007091, 0.006533, 0.00543, 0.003963, 0.005799, 0.008895, 0.0198]","[0.009977, 0.017447, 0.022306, 0.009865, 0.012491, 0.007877, 0.005683, 0.006619, 0.005872, 0.004483, 0.00558, 0.006795, 0.005086, 0.007315, 0.01204, 0.013016, 0.020876, 0.019109, 0.014783, 0.012727, 0.016257, 0.014315, 0.012491, 0.014315, 0.015078, 0.009015, 0.008895, 0.018415, 0.011669, 0.011669, 0.019109, 0.016826, 0.016257, 0.016826, 0.016021, 0.016528, 0.008624, 0.008804, 0.007091, 0.010509, 0.009187, 0.007555, 0.006894, 0.005799, 0.004247, 0.006142, 0.009483, 0.022306]","{}"
