uniprot_accession,seq_crc32,cysteines,iup,red,regions
A0A023PXQ9,3722984730,"[74]","[0.626927, 0.538167, 0.335645, 0.222385, 0.25031, 0.311707, 0.36309, 0.380708, 0.418646, 0.458154, 0.349426, 0.422041, 0.301917, 0.298791, 0.281712, 0.26085, 0.281712, 0.281712, 0.284882, 0.321458, 0.472492, 0.465241, 0.41194, 0.42561, 0.553315, 0.433034, 0.295083, 0.288399, 0.167087, 0.071867, 0.06184, 0.125101, 0.054297, 0.055536, 0.027463, 0.030611, 0.016257, 0.009728, 0.006374, 0.004513, 0.003276, 0.00225, 0.001533, 0.001541, 0.001541, 0.001048, 0.001155, 0.001249, 0.001159, 0.001318, 0.001434, 0.001061, 0.000648, 0.000721, 0.000721, 0.000674, 0.000339, 0.000391, 0.000391, 0.000442, 0.000442, 0.000391, 0.000391, 0.000485, 0.000854, 0.000906, 0.000906, 0.000893, 0.001142, 0.00076, 0.00076, 0.001232, 0.000945, 0.00155, 0.002366, 0.003298, 0.004775, 0.007422, 0.006567, 0.006245, 0.005683, 0.007091, 0.009865, 0.010509, 0.015078, 0.007645, 0.007259, 0.007031, 0.006245, 0.008002, 0.006701, 0.006421, 0.004976, 0.006619, 0.005086, 0.003727, 0.002662, 0.001743, 0.001, 0.001335, 0.00155, 0.002194]","[0.642678, 0.553315, 0.346032, 0.232838, 0.26085, 0.318242, 0.370445, 0.387226, 0.4292, 0.468512, 0.359901, 0.433034, 0.311707, 0.311707, 0.291804, 0.275179, 0.295083, 0.291804, 0.295083, 0.332115, 0.486429, 0.480142, 0.42561, 0.440853, 0.570702, 0.444081, 0.30533, 0.301917, 0.179055, 0.076542, 0.066181, 0.132295, 0.058088, 0.059222, 0.029376, 0.033407, 0.017447, 0.010131, 0.006533, 0.004646, 0.003366, 0.00231, 0.001572, 0.001572, 0.001597, 0.001069, 0.001172, 0.001271, 0.001202, 0.001335, 0.001499, 0.001103, 0.000674, 0.000743, 0.000743, 0.000704, 0.000365, 0.000412, 0.000412, 0.000447, 0.000447, 0.000412, 0.000412, 0.000614, 0.00103, 0.001112, 0.001112, 0.001112, 0.001335, 0.000906, 0.000906, 0.001408, 0.001172, 0.001778, 0.002662, 0.003757, 0.00558, 0.008804, 0.007645, 0.007259, 0.006533, 0.008409, 0.01204, 0.013437, 0.016021, 0.008002, 0.007495, 0.007177, 0.006421, 0.008156, 0.006894, 0.006533, 0.00515, 0.006894, 0.005223, 0.003804, 0.002705, 0.001778, 0.00103, 0.001374, 0.001572, 0.00225]","{}"
