uniprot_accession,seq_crc32,cysteines,iup,red,regions
Q3E6R4,2320146183,"[]","[0.016528, 0.026338, 0.020876, 0.021816, 0.023087, 0.019401, 0.028695, 0.029376, 0.029376, 0.041405, 0.034884, 0.043307, 0.041405, 0.090864, 0.086953, 0.079919, 0.142424, 0.21291, 0.257454, 0.308712, 0.40511, 0.436924, 0.447574, 0.525368, 0.575842, 0.618285, 0.716283, 0.703578, 0.632174, 0.675549, 0.666105, 0.745909, 0.703578, 0.648219, 0.575842, 0.570702, 0.59917, 0.534167, 0.422041, 0.41194, 0.359901, 0.359901, 0.30533, 0.191378, 0.182256, 0.144935, 0.122885, 0.079919, 0.06312, 0.086953, 0.086953, 0.056825, 0.046336, 0.031287, 0.024826, 0.017797, 0.014315, 0.010509, 0.009977, 0.011669, 0.009401, 0.008895, 0.006988, 0.007259, 0.009728, 0.007259]","[0.016528, 0.026338, 0.020876, 0.021816, 0.023087, 0.019401, 0.028695, 0.029376, 0.029376, 0.041405, 0.034884, 0.043307, 0.041405, 0.090864, 0.086953, 0.079919, 0.142424, 0.21291, 0.257454, 0.308712, 0.40511, 0.436924, 0.447574, 0.525368, 0.575842, 0.618285, 0.716283, 0.703578, 0.632174, 0.675549, 0.666105, 0.745909, 0.703578, 0.648219, 0.575842, 0.570702, 0.59917, 0.534167, 0.422041, 0.41194, 0.359901, 0.359901, 0.30533, 0.191378, 0.182256, 0.144935, 0.122885, 0.079919, 0.06312, 0.086953, 0.086953, 0.056825, 0.046336, 0.031287, 0.024826, 0.017797, 0.014315, 0.010509, 0.009977, 0.011669, 0.009401, 0.008895, 0.006988, 0.007259, 0.009728, 0.007259]","{}"
