uniprot_accession,seq_crc32,cysteines,iup,red,regions
Q8TGR9,3616466823,"[27]","[0.046336, 0.025316, 0.046336, 0.074921, 0.109221, 0.071867, 0.051831, 0.022667, 0.029376, 0.031287, 0.023534, 0.029376, 0.042364, 0.06184, 0.030611, 0.054297, 0.034068, 0.064632, 0.028695, 0.028695, 0.029376, 0.050641, 0.073402, 0.051831, 0.034884, 0.023963, 0.033407, 0.045352, 0.132295, 0.102787, 0.102787, 0.179055]","[0.06312, 0.033407, 0.060549, 0.096677, 0.137348, 0.092881, 0.067594, 0.026338, 0.036378, 0.03976, 0.029376, 0.038042, 0.056825, 0.081712, 0.03976, 0.0704, 0.066181, 0.120615, 0.055536, 0.056825, 0.058088, 0.096677, 0.139895, 0.10481, 0.074921, 0.051831, 0.076542, 0.106997, 0.275179, 0.229226, 0.236433, 0.352862]","{}"
