uniprot_accession,seq_crc32,cysteines,iup,red,regions
Q8TGS0,4014348351,"[15]","[0.359901, 0.401658, 0.335645, 0.308712, 0.236433, 0.271506, 0.182256, 0.222385, 0.275179, 0.200174, 0.147574, 0.164327, 0.164327, 0.291804, 0.194234, 0.096677, 0.071867, 0.054297, 0.060549, 0.025762, 0.017797, 0.011106, 0.01078, 0.011518, 0.011669, 0.010372, 0.010221, 0.009865, 0.010372, 0.009483, 0.014315, 0.023963, 0.016826, 0.018106, 0.015694, 0.027463, 0.031287, 0.038858, 0.038858, 0.026338, 0.043307, 0.054297, 0.086953, 0.067594, 0.071867, 0.073402, 0.139895, 0.102787]","[0.398279, 0.436924, 0.366687, 0.335645, 0.36309, 0.387226, 0.291804, 0.328603, 0.380708, 0.298791, 0.232838, 0.25406, 0.25406, 0.387226, 0.288399, 0.164327, 0.129801, 0.098513, 0.109221, 0.047319, 0.030003, 0.018106, 0.017447, 0.019109, 0.019401, 0.011903, 0.01204, 0.011518, 0.01227, 0.010926, 0.017447, 0.030003, 0.020522, 0.022306, 0.019109, 0.034068, 0.03976, 0.048328, 0.048328, 0.032677, 0.054297, 0.067594, 0.106997, 0.081712, 0.085092, 0.086953, 0.164327, 0.120615]","{}"
