uniprot_accession,seq_crc32,cysteines,iup,red,regions
Q8TGS2,489751019,"[22]","[0.03976, 0.020522, 0.014075, 0.00962, 0.01078, 0.008895, 0.01078, 0.009187, 0.008156, 0.007091, 0.009294, 0.009096, 0.009865, 0.009728, 0.006795, 0.009977, 0.009728, 0.009728, 0.008525, 0.007091, 0.011669, 0.011669, 0.019109, 0.025762, 0.025762, 0.029376, 0.05306, 0.059222, 0.098513, 0.167087, 0.268042, 0.243554, 0.291804, 0.271506, 0.17593, 0.229226, 0.25406, 0.288399, 0.328603, 0.346032, 0.366687, 0.324872, 0.308712, 0.291804, 0.30533, 0.42561, 0.414856, 0.387226, 0.342579, 0.324872]","[0.045352, 0.021816, 0.014783, 0.010131, 0.011669, 0.009294, 0.011669, 0.00962, 0.008723, 0.007495, 0.009728, 0.011518, 0.012727, 0.012491, 0.008276, 0.013016, 0.012491, 0.012491, 0.010131, 0.008525, 0.015344, 0.015344, 0.026338, 0.038042, 0.037156, 0.044297, 0.079919, 0.088832, 0.142424, 0.225814, 0.335645, 0.311707, 0.31487, 0.295083, 0.196879, 0.257454, 0.281712, 0.31487, 0.356642, 0.380708, 0.398279, 0.356642, 0.339168, 0.321458, 0.339168, 0.458154, 0.440853, 0.414856, 0.370445, 0.349426]","{}"
