uniprot_accession,seq_crc32,cysteines,iup,red,regions
Q8TGS4,2650994858,"[26]","[0.083462, 0.122885, 0.203355, 0.086953, 0.043307, 0.058088, 0.034068, 0.044297, 0.030003, 0.018106, 0.024393, 0.023087, 0.013016, 0.012727, 0.010372, 0.008156, 0.013821, 0.013437, 0.013016, 0.025316, 0.049374, 0.046336, 0.024826, 0.01204, 0.019401, 0.029376, 0.023087, 0.035586, 0.026892, 0.041405, 0.090864, 0.060549, 0.06312, 0.122885, 0.083462]","[0.102787, 0.147574, 0.239899, 0.109221, 0.054297, 0.0704, 0.042364, 0.055536, 0.037156, 0.021381, 0.030003, 0.028107, 0.015694, 0.015344, 0.01204, 0.011342, 0.021816, 0.020876, 0.0198, 0.043307, 0.083462, 0.078022, 0.042364, 0.018415, 0.032017, 0.051831, 0.040537, 0.064632, 0.049374, 0.078022, 0.164327, 0.118441, 0.125101, 0.225814, 0.173081]","{}"
