uniprot_accession,seq_crc32,cysteines,iup,red,regions
Q8TGS5,2231240758,"[18, 32]","[0.002138, 0.001572, 0.00231, 0.001623, 0.002503, 0.002117, 0.00146, 0.001434, 0.001872, 0.002581, 0.003246, 0.003727, 0.002366, 0.001778, 0.002555, 0.002705, 0.004315, 0.004689, 0.003461, 0.003177, 0.003212, 0.003555, 0.004358, 0.003079, 0.003461, 0.002623, 0.003109, 0.004247, 0.004513, 0.003671, 0.002555, 0.001786, 0.001335, 0.002117, 0.002366]","[0.002529, 0.001936, 0.002688, 0.001808, 0.002761, 0.002349, 0.001623, 0.002155, 0.002688, 0.003607, 0.004414, 0.005086, 0.003298, 0.002555, 0.003555, 0.003757, 0.005872, 0.006567, 0.004611, 0.004247, 0.004247, 0.005872, 0.007091, 0.004976, 0.005932, 0.004646, 0.005623, 0.008075, 0.006795, 0.005503, 0.003963, 0.003014, 0.00231, 0.003512, 0.00407]","{}"
