uniprot_accession,seq_crc32,cysteines,iup,red,regions
Q8TGS7,1630576683,"[10, 20]","[0.094817, 0.044297, 0.025316, 0.013613, 0.009865, 0.014586, 0.010372, 0.009294, 0.012491, 0.009401, 0.009483, 0.011106, 0.008804, 0.008723, 0.005872, 0.005318, 0.004483, 0.006619, 0.005683, 0.005503, 0.006533, 0.005011, 0.005932, 0.006894, 0.009401, 0.013265, 0.008525, 0.01227]","[0.36309, 0.216401, 0.122885, 0.055536, 0.032677, 0.055536, 0.033407, 0.025762, 0.038042, 0.047319, 0.045352, 0.06184, 0.040537, 0.03976, 0.018415, 0.015078, 0.011106, 0.023534, 0.017138, 0.017447, 0.013613, 0.00962, 0.012727, 0.017797, 0.032677, 0.058088, 0.030003, 0.06184]","{}"
