uniprot_accession,seq_crc32,cysteines,iup,red,regions
Q8TGS8,2154657329,"[29, 36]","[0.005683, 0.009096, 0.014315, 0.008525, 0.006795, 0.006142, 0.005623, 0.005872, 0.004577, 0.005623, 0.004483, 0.00558, 0.007495, 0.011518, 0.017797, 0.018106, 0.017138, 0.019109, 0.011903, 0.018415, 0.032017, 0.066181, 0.055536, 0.036378, 0.086953, 0.094817, 0.109221, 0.132295, 0.164327, 0.203355, 0.203355, 0.332115, 0.196879, 0.194234, 0.11371, 0.116183, 0.083462, 0.086953, 0.041405, 0.067594, 0.064632, 0.045352, 0.047319, 0.025316, 0.0198, 0.010672, 0.018415, 0.014315, 0.009977, 0.007315, 0.006533, 0.004414, 0.004431, 0.004577, 0.003804, 0.00407, 0.003276, 0.003212, 0.00243, 0.002705, 0.002057, 0.001417, 0.001288, 0.000631]","[0.006533, 0.01078, 0.018415, 0.009865, 0.007877, 0.006988, 0.006245, 0.006533, 0.005086, 0.006245, 0.004921, 0.006245, 0.008804, 0.014075, 0.023087, 0.023087, 0.021816, 0.023963, 0.021381, 0.036378, 0.069024, 0.132295, 0.11371, 0.078022, 0.170161, 0.257454, 0.278302, 0.31487, 0.356642, 0.401658, 0.401658, 0.541878, 0.398279, 0.394753, 0.291804, 0.288399, 0.229226, 0.239899, 0.134866, 0.134866, 0.129801, 0.092881, 0.096677, 0.050641, 0.037156, 0.018415, 0.022306, 0.017447, 0.011518, 0.008156, 0.007177, 0.004775, 0.004775, 0.004921, 0.004135, 0.004431, 0.003512, 0.003478, 0.002581, 0.003014, 0.002276, 0.001533, 0.001391, 0.000721]","{}"
