uniprot_accession,seq_crc32,cysteines,iup,red,regions
Q8TGS9,2695284914,"[5, 19]","[0.041405, 0.059222, 0.038858, 0.025762, 0.041405, 0.051831, 0.032677, 0.040537, 0.028107, 0.028695, 0.036378, 0.050641, 0.047319, 0.092881, 0.046336, 0.088832, 0.088832, 0.05306, 0.120615, 0.067594, 0.067594, 0.0704, 0.0704, 0.074921, 0.129801, 0.137348, 0.092881, 0.164327, 0.144935, 0.191378, 0.164327, 0.155435, 0.142424, 0.225814, 0.25031, 0.339168, 0.346032, 0.229226, 0.26085, 0.236433, 0.328603, 0.31487, 0.301917, 0.295083, 0.324872, 0.200174, 0.096677, 0.170161, 0.10481, 0.064632, 0.074921, 0.10481, 0.054297, 0.060549, 0.026892, 0.017797, 0.015344, 0.009294, 0.015694, 0.021816, 0.014783, 0.013821, 0.008895, 0.008624, 0.008804, 0.009977, 0.013437, 0.0198, 0.013437, 0.016257, 0.026892, 0.021381, 0.016826, 0.033407, 0.019401, 0.045352]","[0.120615, 0.155435, 0.102787, 0.064632, 0.100716, 0.116183, 0.074921, 0.088832, 0.100716, 0.098513, 0.118441, 0.158265, 0.15284, 0.25031, 0.15008, 0.173081, 0.173081, 0.11371, 0.222385, 0.137348, 0.137348, 0.142424, 0.142424, 0.147574, 0.236433, 0.243554, 0.179055, 0.278302, 0.25031, 0.229226, 0.200174, 0.191378, 0.173081, 0.268042, 0.295083, 0.380708, 0.387226, 0.271506, 0.298791, 0.275179, 0.370445, 0.359901, 0.342579, 0.335645, 0.370445, 0.239899, 0.120615, 0.206376, 0.132295, 0.081712, 0.094817, 0.129801, 0.069024, 0.078022, 0.033407, 0.020876, 0.018106, 0.010509, 0.018787, 0.026892, 0.018106, 0.016528, 0.009977, 0.00962, 0.009865, 0.011342, 0.016021, 0.023963, 0.015694, 0.019401, 0.033407, 0.025762, 0.020165, 0.041405, 0.023534, 0.056825]","{}"
