uniprot_accession,seq_crc32,cysteines,iup,red,regions
Q8TGT0,3859118893,"[4, 20]","[0.041405, 0.042364, 0.060549, 0.088832, 0.059222, 0.050641, 0.041405, 0.058088, 0.041405, 0.029376, 0.041405, 0.030003, 0.048328, 0.03976, 0.044297, 0.042364, 0.025762, 0.025762, 0.026892, 0.045352, 0.048328, 0.05306, 0.044297, 0.048328, 0.045352, 0.071867, 0.106997, 0.142424, 0.147574, 0.225814, 0.321458, 0.30533, 0.390993, 0.311707, 0.356642, 0.346032, 0.414856, 0.486429, 0.483068, 0.529623, 0.525368, 0.525368, 0.538167, 0.562014, 0.585406, 0.545602, 0.444081, 0.418646, 0.408655, 0.377384, 0.352862, 0.31487, 0.295083, 0.257454, 0.352862, 0.301917, 0.418646]","[0.155435, 0.15008, 0.18812, 0.232838, 0.164327, 0.134866, 0.109221, 0.139895, 0.100716, 0.122885, 0.15284, 0.116183, 0.173081, 0.15008, 0.100716, 0.098513, 0.058088, 0.058088, 0.060549, 0.098513, 0.106997, 0.116183, 0.096677, 0.10481, 0.098513, 0.15008, 0.206376, 0.264545, 0.271506, 0.356642, 0.370445, 0.356642, 0.447574, 0.36309, 0.408655, 0.394753, 0.465241, 0.541878, 0.538167, 0.59508, 0.59508, 0.59014, 0.608892, 0.648219, 0.666105, 0.622677, 0.5017, 0.480142, 0.468512, 0.436924, 0.41194, 0.374039, 0.352862, 0.311707, 0.41194, 0.36309, 0.490133]","{}"
