uniprot_accession,seq_crc32,cysteines,iup,red,regions
Q8TGT1,2765957371,"[]","[0.004921, 0.003864, 0.002581, 0.002194, 0.001748, 0.00146, 0.002211, 0.002366, 0.002035, 0.001709, 0.002211, 0.002581, 0.002555, 0.002435, 0.002512, 0.001623, 0.001623, 0.002482, 0.003555, 0.003555, 0.002688, 0.004161, 0.003997, 0.004431, 0.006245, 0.009294, 0.016826, 0.008895, 0.010926, 0.018787, 0.018415, 0.021816, 0.010372, 0.01078, 0.011106, 0.007315, 0.01204, 0.010221, 0.009977, 0.008156, 0.006988, 0.008156, 0.006795, 0.008895, 0.012727, 0.009187, 0.006619, 0.004835, 0.007031]","[0.004921, 0.003864, 0.002581, 0.002194, 0.001748, 0.00146, 0.002211, 0.002366, 0.002035, 0.001709, 0.002211, 0.002581, 0.002555, 0.002435, 0.002512, 0.001623, 0.001623, 0.002482, 0.003555, 0.003555, 0.002688, 0.004161, 0.003997, 0.004431, 0.006245, 0.009294, 0.016826, 0.008895, 0.010926, 0.018787, 0.018415, 0.021816, 0.010372, 0.01078, 0.011106, 0.007315, 0.01204, 0.010221, 0.009977, 0.008156, 0.006988, 0.008156, 0.006795, 0.008895, 0.012727, 0.009187, 0.006619, 0.004835, 0.007031]","{}"
