uniprot_accession,seq_crc32,cysteines,iup,red,regions
Q8TGT3,1102814616,"[22]","[0.022306, 0.034068, 0.049374, 0.026892, 0.038858, 0.055536, 0.032677, 0.044297, 0.025762, 0.033407, 0.023963, 0.022667, 0.010672, 0.016528, 0.025762, 0.0198, 0.020522, 0.0198, 0.036378, 0.020165, 0.0198, 0.020876, 0.016826, 0.013265, 0.018106, 0.013613, 0.010131, 0.014075, 0.010131, 0.016528, 0.011342, 0.017797]","[0.024826, 0.038858, 0.058088, 0.031287, 0.045352, 0.064632, 0.038858, 0.05306, 0.031287, 0.040537, 0.028107, 0.034884, 0.014783, 0.023963, 0.03976, 0.029376, 0.033407, 0.030611, 0.059222, 0.031287, 0.030003, 0.032017, 0.024826, 0.019401, 0.028107, 0.020876, 0.014783, 0.022306, 0.015344, 0.026892, 0.018106, 0.032017]","{}"
