uniprot_accession,seq_crc32,cysteines,iup,red,regions
Q8TGT7,3308416078,"[]","[0.001, 0.000893, 0.000631, 0.000421, 0.000799, 0.000575, 0.000378, 0.000301, 0.000468, 0.000301, 0.000468, 0.00076, 0.000833, 0.000945, 0.000558, 0.000391, 0.000704, 0.000674, 0.000893, 0.001335, 0.000773, 0.001288, 0.00103, 0.001061, 0.001623, 0.001061, 0.001069, 0.00146, 0.001743, 0.001408, 0.002138, 0.001541, 0.000983, 0.000485, 0.000704, 0.000743, 0.001155]","[0.001, 0.000893, 0.000631, 0.000421, 0.000799, 0.000575, 0.000378, 0.000301, 0.000468, 0.000301, 0.000468, 0.00076, 0.000833, 0.000945, 0.000558, 0.000391, 0.000704, 0.000674, 0.000893, 0.001335, 0.000773, 0.001288, 0.00103, 0.001061, 0.001623, 0.001061, 0.001069, 0.00146, 0.001743, 0.001408, 0.002138, 0.001541, 0.000983, 0.000485, 0.000704, 0.000743, 0.001155]","{}"
