uniprot_accession,seq_crc32,cysteines,iup,red,regions
Q8TGU2,2801791940,"[15]","[0.472492, 0.324872, 0.346032, 0.390993, 0.311707, 0.349426, 0.374039, 0.387226, 0.41194, 0.332115, 0.236433, 0.30533, 0.281712, 0.321458, 0.21291, 0.170161, 0.132295, 0.071867, 0.06184, 0.056825, 0.029376, 0.016528, 0.030611, 0.016257, 0.016021, 0.025762, 0.014783, 0.014315, 0.009865, 0.006894, 0.009401, 0.010221, 0.009187, 0.015078, 0.009096, 0.016257, 0.022306, 0.020876, 0.018787, 0.011903, 0.012727, 0.013016, 0.011518, 0.010926, 0.019401, 0.011669, 0.007259, 0.009977, 0.01078, 0.018787, 0.032677, 0.034068, 0.064632, 0.037156, 0.037156, 0.041405, 0.042364, 0.035586, 0.0704, 0.074921, 0.074921, 0.038042, 0.067594, 0.147574, 0.092881, 0.109221, 0.109221, 0.191378, 0.209395, 0.125101, 0.109221, 0.120615, 0.090864, 0.086953, 0.142424, 0.139895, 0.15008, 0.116183, 0.098513, 0.074921, 0.122885, 0.18812, 0.281712, 0.247041, 0.185198, 0.278302, 0.194234]","[0.490133, 0.339168, 0.36309, 0.408655, 0.422041, 0.454136, 0.472492, 0.483068, 0.505461, 0.418646, 0.318242, 0.387226, 0.36309, 0.40511, 0.295083, 0.247041, 0.200174, 0.118441, 0.100716, 0.094817, 0.048328, 0.025316, 0.050641, 0.024826, 0.024826, 0.028107, 0.016021, 0.015344, 0.010372, 0.007177, 0.009977, 0.01078, 0.009728, 0.016528, 0.009483, 0.017447, 0.024393, 0.023087, 0.020522, 0.013265, 0.013821, 0.014075, 0.012491, 0.01204, 0.021381, 0.012491, 0.007645, 0.010672, 0.011669, 0.020876, 0.037156, 0.038042, 0.073402, 0.041405, 0.042364, 0.046336, 0.047319, 0.03976, 0.078022, 0.083462, 0.083462, 0.042364, 0.076542, 0.161087, 0.102787, 0.122885, 0.120615, 0.209395, 0.229226, 0.137348, 0.122885, 0.132295, 0.100716, 0.096677, 0.155435, 0.155435, 0.164327, 0.127496, 0.111485, 0.083462, 0.134866, 0.206376, 0.298791, 0.264545, 0.200174, 0.295083, 0.209395]","{}"
