uniprot_accession,seq_crc32,cysteines,iup,red,regions
Q8TGU4,902607889,"[9, 17]","[0.010221, 0.016257, 0.025762, 0.03976, 0.06184, 0.079919, 0.054297, 0.076542, 0.102787, 0.0704, 0.044297, 0.059222, 0.058088, 0.120615, 0.116183, 0.120615, 0.092881, 0.111485, 0.094817, 0.15284, 0.271506, 0.284882, 0.191378, 0.109221, 0.06184, 0.046336, 0.027463, 0.023963, 0.023963, 0.023534, 0.03976, 0.043307, 0.021381, 0.011342, 0.011342, 0.008276, 0.00777, 0.006619, 0.008723, 0.014783, 0.015078, 0.009483, 0.009096, 0.008156, 0.009728, 0.011342, 0.010509, 0.013265, 0.019401, 0.013265, 0.009401, 0.007259, 0.009015, 0.014586]","[0.026338, 0.046336, 0.078022, 0.111485, 0.15284, 0.182256, 0.203355, 0.247041, 0.288399, 0.216401, 0.144935, 0.18812, 0.185198, 0.30533, 0.295083, 0.298791, 0.25406, 0.281712, 0.25406, 0.264545, 0.398279, 0.41194, 0.311707, 0.200174, 0.125101, 0.094817, 0.055536, 0.030003, 0.030003, 0.029376, 0.051831, 0.056825, 0.025762, 0.013613, 0.013613, 0.009294, 0.008804, 0.007422, 0.009865, 0.018106, 0.018106, 0.010672, 0.010131, 0.009187, 0.010926, 0.013613, 0.012491, 0.016021, 0.024393, 0.016021, 0.010672, 0.008075, 0.010131, 0.017447]","{}"
