uniprot_accession,seq_crc32,cysteines,iup,red,regions
Q8TGU6,2373426037,"[44]","[0.007555, 0.011342, 0.008624, 0.006374, 0.004899, 0.006374, 0.008525, 0.010221, 0.012727, 0.011342, 0.009294, 0.011106, 0.008002, 0.010926, 0.022306, 0.011903, 0.011518, 0.018415, 0.015078, 0.013613, 0.025762, 0.024393, 0.026338, 0.047319, 0.0704, 0.15284, 0.090864, 0.047319, 0.028695, 0.020165, 0.028695, 0.030611, 0.032017, 0.038042, 0.042364, 0.022306, 0.049374, 0.088832, 0.051831, 0.05306, 0.047319, 0.038858, 0.022667, 0.019401, 0.019401, 0.025762, 0.023534, 0.03976, 0.066181, 0.106997, 0.158265, 0.161087, 0.243554, 0.236433, 0.288399, 0.247041, 0.324872, 0.291804, 0.268042, 0.36309, 0.398279, 0.525368, 0.509769, 0.712013]","[0.008002, 0.01227, 0.009096, 0.006619, 0.00515, 0.006619, 0.009015, 0.011106, 0.014075, 0.012491, 0.010131, 0.01227, 0.008624, 0.01227, 0.025316, 0.013437, 0.013265, 0.020876, 0.017447, 0.015344, 0.030611, 0.028695, 0.030611, 0.055536, 0.081712, 0.173081, 0.102787, 0.054297, 0.032677, 0.022306, 0.032677, 0.034068, 0.035586, 0.06312, 0.071867, 0.035586, 0.081712, 0.139895, 0.086953, 0.086953, 0.078022, 0.064632, 0.036378, 0.031287, 0.030611, 0.042364, 0.038042, 0.066181, 0.109221, 0.170161, 0.236433, 0.239899, 0.328603, 0.324872, 0.311707, 0.275179, 0.352862, 0.318242, 0.295083, 0.390993, 0.42561, 0.557691, 0.541878, 0.745909]","{}"
