uniprot_accession,seq_crc32,cysteines,iup,red,regions
Q8TGV0,4057424275,"[8]","[0.073402, 0.102787, 0.15008, 0.200174, 0.25406, 0.298791, 0.339168, 0.356642, 0.288399, 0.324872, 0.356642, 0.40511, 0.281712, 0.374039, 0.291804, 0.308712, 0.291804, 0.25406, 0.30533, 0.366687, 0.447574, 0.4292, 0.41194, 0.366687, 0.31487, 0.25406]","[0.196879, 0.239899, 0.30533, 0.356642, 0.401658, 0.440853, 0.480142, 0.494003, 0.418646, 0.454136, 0.486429, 0.541878, 0.40511, 0.505461, 0.414856, 0.4292, 0.41194, 0.380708, 0.359901, 0.4292, 0.509769, 0.486429, 0.468512, 0.422041, 0.370445, 0.308712]","{}"
