uniprot_accession,seq_crc32,cysteines,iup,red,regions
P0C1V3,1560434235,"[]","[0.001249, 0.001872, 0.003177, 0.004315, 0.005318, 0.004646, 0.00407, 0.003555, 0.003212, 0.00292, 0.003512, 0.003276, 0.003246, 0.004388, 0.006482, 0.009401, 0.010372, 0.01078, 0.010509, 0.010372, 0.010372, 0.017797, 0.020165, 0.0198, 0.018415, 0.018415, 0.030003, 0.06312, 0.125101, 0.118441, 0.209395, 0.206376, 0.196879, 0.219301, 0.196879, 0.200174, 0.17593, 0.098513, 0.079919, 0.032017, 0.047319, 0.038042, 0.035586, 0.014586, 0.014315, 0.009294, 0.009728, 0.010672, 0.007422, 0.00515, 0.007645, 0.006078, 0.005223, 0.006142, 0.006795, 0.005683, 0.004358, 0.003405, 0.003804, 0.005249, 0.008156]","[0.001249, 0.001872, 0.003177, 0.004315, 0.005318, 0.004646, 0.00407, 0.003555, 0.003212, 0.00292, 0.003512, 0.003276, 0.003246, 0.004388, 0.006482, 0.009401, 0.010372, 0.01078, 0.010509, 0.010372, 0.010372, 0.017797, 0.020165, 0.0198, 0.018415, 0.018415, 0.030003, 0.06312, 0.125101, 0.118441, 0.209395, 0.206376, 0.196879, 0.219301, 0.196879, 0.200174, 0.17593, 0.098513, 0.079919, 0.032017, 0.047319, 0.038042, 0.035586, 0.014586, 0.014315, 0.009294, 0.009728, 0.010672, 0.007422, 0.00515, 0.007645, 0.006078, 0.005223, 0.006142, 0.006795, 0.005683, 0.004358, 0.003405, 0.003804, 0.005249, 0.008156]","{}"
