uniprot_accession,seq_crc32,cysteines,iup,red,regions
P0C0V8,2131918421,"[17]","[0.418646, 0.328603, 0.275179, 0.356642, 0.377384, 0.394753, 0.335645, 0.36309, 0.352862, 0.377384, 0.408655, 0.440853, 0.352862, 0.264545, 0.247041, 0.222385, 0.236433, 0.236433, 0.31487, 0.339168, 0.328603, 0.346032, 0.422041, 0.398279, 0.380708, 0.328603, 0.30533, 0.366687, 0.308712, 0.346032, 0.349426, 0.349426, 0.346032, 0.422041, 0.472492, 0.398279, 0.458154, 0.444081, 0.440853, 0.36309, 0.335645, 0.342579, 0.328603, 0.295083, 0.301917, 0.291804, 0.342579, 0.301917, 0.25406, 0.30533, 0.295083, 0.281712, 0.271506, 0.284882, 0.284882, 0.321458, 0.408655, 0.377384, 0.311707, 0.311707, 0.377384, 0.36309, 0.332115, 0.408655, 0.444081, 0.534167, 0.529623, 0.458154, 0.454136, 0.509769, 0.525368, 0.465241, 0.366687, 0.374039, 0.295083, 0.295083, 0.281712, 0.247041, 0.222385, 0.275179, 0.232838, 0.203355, 0.264545, 0.268042, 0.216401, 0.158265, 0.10481]","[0.433034, 0.346032, 0.291804, 0.374039, 0.394753, 0.41194, 0.433034, 0.454136, 0.440853, 0.465241, 0.494003, 0.525368, 0.433034, 0.342579, 0.324872, 0.301917, 0.31487, 0.31487, 0.394753, 0.418646, 0.41194, 0.42561, 0.505461, 0.480142, 0.461924, 0.408655, 0.387226, 0.380708, 0.324872, 0.36309, 0.366687, 0.36309, 0.36309, 0.436924, 0.490133, 0.414856, 0.476583, 0.461924, 0.458154, 0.380708, 0.352862, 0.356642, 0.346032, 0.311707, 0.318242, 0.308712, 0.359901, 0.318242, 0.271506, 0.321458, 0.311707, 0.301917, 0.288399, 0.301917, 0.301917, 0.339168, 0.42561, 0.394753, 0.324872, 0.328603, 0.394753, 0.380708, 0.349426, 0.42561, 0.465241, 0.553315, 0.553315, 0.476583, 0.472492, 0.529623, 0.545602, 0.483068, 0.384043, 0.387226, 0.311707, 0.311707, 0.298791, 0.264545, 0.236433, 0.291804, 0.247041, 0.219301, 0.281712, 0.284882, 0.229226, 0.170161, 0.11371]","{}"
