uniprot_accession,seq_crc32,cysteines,iup,red,regions
Q6B0W0,2919724357,"[14, 17, 32, 46, 99]","[0.004483, 0.004431, 0.006567, 0.004835, 0.006374, 0.005623, 0.004414, 0.005872, 0.007177, 0.005623, 0.007091, 0.006421, 0.005011, 0.005249, 0.007877, 0.008276, 0.011342, 0.009401, 0.019109, 0.019401, 0.017138, 0.017797, 0.016021, 0.013437, 0.024393, 0.026338, 0.049374, 0.064632, 0.034068, 0.015694, 0.037156, 0.034068, 0.060549, 0.102787, 0.043307, 0.021381, 0.021381, 0.016021, 0.016528, 0.010131, 0.008409, 0.009187, 0.008895, 0.013613, 0.012491, 0.013016, 0.007177, 0.007031, 0.009728, 0.008409, 0.009865, 0.009401, 0.006039, 0.004646, 0.003478, 0.004921, 0.00558, 0.004388, 0.004388, 0.004577, 0.006078, 0.007877, 0.007422, 0.009977, 0.009015, 0.009483, 0.009401, 0.017447, 0.010131, 0.008804, 0.016528, 0.024393, 0.014783, 0.028695, 0.050641, 0.066181, 0.074921, 0.10481, 0.127496, 0.127496, 0.225814, 0.21291, 0.200174, 0.170161, 0.229226, 0.264545, 0.281712, 0.301917, 0.17593, 0.30533, 0.339168, 0.339168, 0.352862, 0.356642, 0.356642, 0.359901, 0.436924, 0.433034, 0.454136, 0.505461, 0.622677, 0.604312, 0.59014, 0.575842, 0.613573, 0.570702, 0.517562, 0.494003, 0.468512, 0.720929, 0.661982]","[0.005503, 0.005378, 0.008276, 0.010509, 0.015078, 0.011518, 0.014783, 0.023087, 0.032017, 0.018415, 0.026338, 0.022306, 0.014783, 0.015694, 0.033407, 0.036378, 0.06312, 0.046336, 0.120615, 0.120615, 0.100716, 0.196879, 0.179055, 0.155435, 0.155435, 0.173081, 0.268042, 0.194234, 0.11371, 0.048328, 0.127496, 0.116183, 0.185198, 0.264545, 0.139895, 0.139895, 0.139895, 0.102787, 0.10481, 0.055536, 0.038042, 0.046336, 0.020876, 0.040537, 0.034884, 0.034884, 0.014315, 0.013821, 0.023087, 0.016826, 0.021816, 0.0198, 0.010131, 0.007495, 0.005503, 0.008156, 0.006421, 0.004921, 0.004899, 0.00515, 0.007031, 0.009401, 0.008895, 0.012491, 0.010926, 0.01204, 0.01204, 0.024826, 0.013821, 0.011342, 0.026338, 0.043307, 0.024393, 0.054297, 0.092881, 0.120615, 0.129801, 0.173081, 0.206376, 0.209395, 0.324872, 0.30533, 0.288399, 0.257454, 0.324872, 0.356642, 0.370445, 0.380708, 0.370445, 0.505461, 0.545602, 0.541878, 0.549308, 0.553315, 0.553315, 0.557691, 0.666105, 0.661982, 0.694846, 0.759478, 0.862302, 0.856457, 0.852992, 0.852992, 0.882776, 0.862302, 0.827927, 0.819762, 0.812494, 0.823549, 0.779859]","{}"
