uniprot_accession,seq_crc32,cysteines,iup,red,regions
Q6B0W2,1186135272,"[3, 15, 26, 29, 58, 80]","[0.006619, 0.009865, 0.007422, 0.009401, 0.006701, 0.007177, 0.009401, 0.011342, 0.015078, 0.011518, 0.015078, 0.018415, 0.011903, 0.015078, 0.014783, 0.014783, 0.010131, 0.008409, 0.00558, 0.005623, 0.005734, 0.007555, 0.007555, 0.01078, 0.00962, 0.013821, 0.019401, 0.012491, 0.009401, 0.009294, 0.014075, 0.014315, 0.013613, 0.01204, 0.011106, 0.010131, 0.010221, 0.010221, 0.009401, 0.010372, 0.016021, 0.014783, 0.013821, 0.013821, 0.014586, 0.010926, 0.008156, 0.00515, 0.006701, 0.006374, 0.006194, 0.006039, 0.005932, 0.005734, 0.008276, 0.008723, 0.013613, 0.027463, 0.030611, 0.066181, 0.111485, 0.064632, 0.0704, 0.054297, 0.049374, 0.049374, 0.096677, 0.094817, 0.111485, 0.048328, 0.10481, 0.109221, 0.090864, 0.055536, 0.032017, 0.033407, 0.024826, 0.026892, 0.024393, 0.030611, 0.030611, 0.025316, 0.048328, 0.025316, 0.032017, 0.018415, 0.017797, 0.009483, 0.019401, 0.034884, 0.040537, 0.035586, 0.035586, 0.024826, 0.022306, 0.040537, 0.022667, 0.050641, 0.049374, 0.040537, 0.041405, 0.031287, 0.032017, 0.022667, 0.037156, 0.026892, 0.047319, 0.030003, 0.085092]","[0.022306, 0.03976, 0.023087, 0.032017, 0.042364, 0.043307, 0.064632, 0.078022, 0.102787, 0.066181, 0.086953, 0.11371, 0.067594, 0.043307, 0.043307, 0.090864, 0.051831, 0.035586, 0.032677, 0.032017, 0.033407, 0.060549, 0.060549, 0.109221, 0.090864, 0.076542, 0.116183, 0.066181, 0.042364, 0.041405, 0.078022, 0.079919, 0.073402, 0.06184, 0.056825, 0.048328, 0.023963, 0.023963, 0.020522, 0.013265, 0.021381, 0.0198, 0.018787, 0.018787, 0.020165, 0.014586, 0.009977, 0.008804, 0.012491, 0.011342, 0.010926, 0.010509, 0.010221, 0.009977, 0.017138, 0.018415, 0.035586, 0.081712, 0.090864, 0.17593, 0.26085, 0.17593, 0.185198, 0.15284, 0.142424, 0.142424, 0.239899, 0.239899, 0.155435, 0.142424, 0.26085, 0.275179, 0.243554, 0.170161, 0.102787, 0.109221, 0.081712, 0.090864, 0.085092, 0.109221, 0.109221, 0.090864, 0.164327, 0.094817, 0.118441, 0.064632, 0.060549, 0.024826, 0.066181, 0.125101, 0.073402, 0.066181, 0.06312, 0.043307, 0.038042, 0.073402, 0.03976, 0.092881, 0.092881, 0.074921, 0.074921, 0.058088, 0.059222, 0.03976, 0.067594, 0.047319, 0.088832, 0.059222, 0.158265]","{}"
