uniprot_accession,seq_crc32,cysteines,iup,red,regions
Q3E7X9,511262309,"[]","[0.618285, 0.51388, 0.40511, 0.433034, 0.377384, 0.311707, 0.342579, 0.36309, 0.394753, 0.414856, 0.436924, 0.450668, 0.450668, 0.440853, 0.380708, 0.380708, 0.352862, 0.352862, 0.339168, 0.352862, 0.374039, 0.288399, 0.275179, 0.349426, 0.352862, 0.418646, 0.494003, 0.486429, 0.5017, 0.41194, 0.356642, 0.349426, 0.366687, 0.30533, 0.301917, 0.359901, 0.384043, 0.321458, 0.377384, 0.384043, 0.458154, 0.458154, 0.468512, 0.472492, 0.418646, 0.352862, 0.324872, 0.318242, 0.324872, 0.318242, 0.398279, 0.454136, 0.433034, 0.414856, 0.476583, 0.40511, 0.401658, 0.346032, 0.390993, 0.370445, 0.342579, 0.298791, 0.264545, 0.342579, 0.408655, 0.472492, 0.59014]","[0.618285, 0.51388, 0.40511, 0.433034, 0.377384, 0.311707, 0.342579, 0.36309, 0.394753, 0.414856, 0.436924, 0.450668, 0.450668, 0.440853, 0.380708, 0.380708, 0.352862, 0.352862, 0.339168, 0.352862, 0.374039, 0.288399, 0.275179, 0.349426, 0.352862, 0.418646, 0.494003, 0.486429, 0.5017, 0.41194, 0.356642, 0.349426, 0.366687, 0.30533, 0.301917, 0.359901, 0.384043, 0.321458, 0.377384, 0.384043, 0.458154, 0.458154, 0.468512, 0.472492, 0.418646, 0.352862, 0.324872, 0.318242, 0.324872, 0.318242, 0.398279, 0.454136, 0.433034, 0.414856, 0.476583, 0.40511, 0.401658, 0.346032, 0.390993, 0.370445, 0.342579, 0.298791, 0.264545, 0.342579, 0.408655, 0.472492, 0.59014]","{}"
