uniprot_accession,seq_crc32,cysteines,iup,red,regions
Q6B0Y6,139644072,"[69, 73]","[0.002349, 0.001855, 0.001417, 0.001112, 0.000799, 0.00061, 0.001, 0.000799, 0.000842, 0.001318, 0.001172, 0.001499, 0.002349, 0.002396, 0.003821, 0.00407, 0.0028, 0.003109, 0.002117, 0.002155, 0.001855, 0.001687, 0.00246, 0.002194, 0.002194, 0.002211, 0.00225, 0.001271, 0.001112, 0.000747, 0.000301, 0.000507, 0.000507, 0.000477, 0.000859, 0.000816, 0.000704, 0.000674, 0.000558, 0.000648, 0.000378, 0.000451, 0.000906, 0.000485, 0.000575, 0.001048, 0.001069, 0.001061, 0.001967, 0.002727, 0.002688, 0.004483, 0.004388, 0.002881, 0.001906, 0.001155, 0.001069, 0.000721, 0.000923, 0.000507, 0.000833, 0.000614, 0.000799, 0.000799, 0.000773, 0.001305, 0.001318, 0.002035, 0.001936, 0.00103, 0.001318, 0.001481, 0.000893, 0.000532, 0.001048, 0.001172, 0.001305, 0.001391, 0.001408, 0.000958, 0.001649, 0.001103, 0.001112, 0.000747, 0.000799, 0.001069, 0.000893, 0.00052, 0.000275, 0.000485, 0.001103, 0.00061, 0.000477, 0.000936, 0.000893, 0.000893, 0.000833, 0.001499, 0.000893, 0.001318, 0.001305, 0.000713, 0.001305, 0.002276, 0.00225, 0.001271, 0.001533, 0.001172, 0.000893, 0.00146, 0.001602, 0.001288, 0.00152, 0.002194, 0.00155, 0.001936, 0.001344, 0.001692, 0.000958, 0.001374, 0.000854]","[0.00246, 0.002014, 0.001481, 0.001172, 0.000842, 0.000648, 0.001103, 0.000854, 0.000893, 0.001383, 0.001267, 0.00155, 0.00246, 0.002503, 0.00407, 0.004358, 0.003014, 0.003276, 0.002276, 0.00231, 0.001967, 0.001748, 0.002555, 0.002327, 0.002327, 0.002336, 0.002336, 0.001335, 0.001172, 0.000816, 0.000309, 0.00055, 0.00055, 0.00052, 0.000906, 0.000859, 0.00076, 0.000721, 0.000631, 0.000708, 0.000412, 0.000477, 0.000983, 0.000532, 0.000631, 0.001142, 0.001159, 0.001155, 0.002138, 0.002976, 0.002881, 0.004736, 0.004611, 0.00316, 0.002078, 0.001249, 0.001172, 0.000773, 0.001335, 0.000773, 0.001172, 0.000893, 0.001417, 0.001417, 0.001408, 0.002138, 0.002155, 0.003246, 0.00316, 0.001709, 0.002155, 0.00246, 0.001541, 0.001069, 0.001722, 0.001872, 0.002138, 0.00231, 0.002327, 0.001374, 0.00225, 0.00146, 0.001481, 0.000833, 0.000859, 0.001172, 0.000958, 0.000575, 0.000301, 0.00055, 0.001202, 0.000661, 0.00052, 0.001, 0.000936, 0.000945, 0.000893, 0.001597, 0.000945, 0.001391, 0.001383, 0.000773, 0.001383, 0.002396, 0.002366, 0.001344, 0.001623, 0.001271, 0.000958, 0.00155, 0.001722, 0.001383, 0.001623, 0.002349, 0.001687, 0.002138, 0.001434, 0.001855, 0.001112, 0.001481, 0.000923]","{}"
