uniprot_accession,seq_crc32,cysteines,iup,red,regions
Q3E7Y9,3119312705,"[6, 15, 27]","[0.191378, 0.243554, 0.15008, 0.185198, 0.098513, 0.125101, 0.071867, 0.044297, 0.069024, 0.056825, 0.066181, 0.042364, 0.024393, 0.022306, 0.026338, 0.022667, 0.022306, 0.025762, 0.028695, 0.025316, 0.025762, 0.023087, 0.021816, 0.022306, 0.017797, 0.034884, 0.034068, 0.069024, 0.122885, 0.100716, 0.088832, 0.058088, 0.060549, 0.083462, 0.069024, 0.071867, 0.139895, 0.137348, 0.116183, 0.10481, 0.066181, 0.033407, 0.038858, 0.038858, 0.066181, 0.051831, 0.023963, 0.023087, 0.022306, 0.023534, 0.015694, 0.019401, 0.023963, 0.038042, 0.034884, 0.042364, 0.031287, 0.020522, 0.043307, 0.032017, 0.023534]","[0.436924, 0.486429, 0.366687, 0.394753, 0.40511, 0.42561, 0.324872, 0.216401, 0.275179, 0.232838, 0.247041, 0.182256, 0.11371, 0.102787, 0.125101, 0.102787, 0.102787, 0.118441, 0.134866, 0.125101, 0.120615, 0.109221, 0.102787, 0.102787, 0.078022, 0.090864, 0.090864, 0.161087, 0.271506, 0.232838, 0.216401, 0.15284, 0.164327, 0.209395, 0.182256, 0.185198, 0.311707, 0.203355, 0.179055, 0.164327, 0.106997, 0.054297, 0.06184, 0.060549, 0.100716, 0.079919, 0.036378, 0.035586, 0.034068, 0.037156, 0.023534, 0.029376, 0.038042, 0.060549, 0.055536, 0.069024, 0.050641, 0.031287, 0.069024, 0.051831, 0.034068]","{}"
