uniprot_accession,seq_crc32,cysteines,iup,red,regions
Q3E7Z0,1163546828,"[13]","[0.047319, 0.043307, 0.031287, 0.050641, 0.028695, 0.020876, 0.034068, 0.055536, 0.038042, 0.056825, 0.0704, 0.051831, 0.060549, 0.067594, 0.049374, 0.060549, 0.11371, 0.122885, 0.127496, 0.118441, 0.109221, 0.109221, 0.147574, 0.219301, 0.219301, 0.31487, 0.408655, 0.384043, 0.36309, 0.472492, 0.468512, 0.480142, 0.5017, 0.374039, 0.324872, 0.328603, 0.275179, 0.278302, 0.185198, 0.090864, 0.044297, 0.083462, 0.045352, 0.024826, 0.025316, 0.023963, 0.025316, 0.026892, 0.030003, 0.023087, 0.020165, 0.011669, 0.009401, 0.009977, 0.013016, 0.020522, 0.026338, 0.055536, 0.038858, 0.06184, 0.15008, 0.281712]","[0.056825, 0.050641, 0.071867, 0.106997, 0.059222, 0.038858, 0.066181, 0.100716, 0.069024, 0.098513, 0.118441, 0.090864, 0.10481, 0.11371, 0.085092, 0.102787, 0.179055, 0.191378, 0.194234, 0.182256, 0.170161, 0.170161, 0.222385, 0.236433, 0.239899, 0.335645, 0.433034, 0.408655, 0.384043, 0.497853, 0.497853, 0.509769, 0.529623, 0.398279, 0.349426, 0.352862, 0.298791, 0.301917, 0.206376, 0.10481, 0.050641, 0.096677, 0.05306, 0.028695, 0.028695, 0.026892, 0.029376, 0.031287, 0.035586, 0.026338, 0.022667, 0.013016, 0.009977, 0.01078, 0.014315, 0.023087, 0.030003, 0.06312, 0.044297, 0.0704, 0.167087, 0.30533]","{}"
