uniprot_accession,seq_crc32,cysteines,iup,red,regions
P0C1Z1,2083601107,"[]","[0.028107, 0.010221, 0.005734, 0.007091, 0.004611, 0.003177, 0.003963, 0.005249, 0.003607, 0.004431, 0.005623, 0.007177, 0.006245, 0.004689, 0.003177, 0.003512, 0.002529, 0.001855, 0.001967, 0.001434, 0.001, 0.001267, 0.001623, 0.002349, 0.001709, 0.002555, 0.003997, 0.00292, 0.001692]","[0.028107, 0.010221, 0.005734, 0.007091, 0.004611, 0.003177, 0.003963, 0.005249, 0.003607, 0.004431, 0.005623, 0.007177, 0.006245, 0.004689, 0.003177, 0.003512, 0.002529, 0.001855, 0.001967, 0.001434, 0.001, 0.001267, 0.001623, 0.002349, 0.001709, 0.002555, 0.003997, 0.00292, 0.001692]","{}"
Q3E7Z1,2033217756,"[5, 20, 28, 40]","[0.003478, 0.00292, 0.003276, 0.002761, 0.003727, 0.002688, 0.003555, 0.004358, 0.00543, 0.004431, 0.005378, 0.006421, 0.009187, 0.009728, 0.013821, 0.027463, 0.034884, 0.025762, 0.060549, 0.03976, 0.023534, 0.014075, 0.016021, 0.019401, 0.035586, 0.023087, 0.030611, 0.032017, 0.018787, 0.009865, 0.018106, 0.018415, 0.013437, 0.013821, 0.008624, 0.008895, 0.008804, 0.008895, 0.009728, 0.007259, 0.00558, 0.007422, 0.010672, 0.010509, 0.011518, 0.011342, 0.015694, 0.017447, 0.010221, 0.013016, 0.025762, 0.014783, 0.009294, 0.008002, 0.006374, 0.007495, 0.005992, 0.004775, 0.00558, 0.006421, 0.007555, 0.013265, 0.009728, 0.006988]","[0.008156, 0.006421, 0.006894, 0.005683, 0.007315, 0.00515, 0.006567, 0.008002, 0.010221, 0.012491, 0.016528, 0.022667, 0.048328, 0.054297, 0.090864, 0.096677, 0.122885, 0.173081, 0.301917, 0.239899, 0.155435, 0.092881, 0.10481, 0.129801, 0.219301, 0.15284, 0.194234, 0.200174, 0.122885, 0.109221, 0.118441, 0.120615, 0.081712, 0.083462, 0.041405, 0.044297, 0.043307, 0.044297, 0.025316, 0.016021, 0.010221, 0.015694, 0.027463, 0.026892, 0.030003, 0.028695, 0.045352, 0.050641, 0.025762, 0.035586, 0.03976, 0.021816, 0.012727, 0.010672, 0.008156, 0.009728, 0.007495, 0.006039, 0.006988, 0.008409, 0.010131, 0.020522, 0.014315, 0.009294]","{}"
