uniprot_accession,seq_crc32,cysteines,iup,red,regions
Q3E7Z3,712106378,"[]","[0.25406, 0.173081, 0.125101, 0.083462, 0.118441, 0.15008, 0.18812, 0.222385, 0.25406, 0.284882, 0.225814, 0.247041, 0.222385, 0.185198, 0.111485, 0.209395, 0.216401, 0.216401, 0.209395, 0.328603, 0.21291, 0.194234, 0.271506, 0.25406, 0.281712, 0.271506, 0.268042, 0.222385, 0.219301, 0.179055, 0.18812, 0.164327, 0.144935, 0.144935, 0.196879, 0.268042, 0.216401, 0.182256, 0.155435, 0.122885, 0.078022, 0.137348, 0.200174, 0.15008, 0.239899]","[0.25406, 0.173081, 0.125101, 0.083462, 0.118441, 0.15008, 0.18812, 0.222385, 0.25406, 0.284882, 0.225814, 0.247041, 0.222385, 0.185198, 0.111485, 0.209395, 0.216401, 0.216401, 0.209395, 0.328603, 0.21291, 0.194234, 0.271506, 0.25406, 0.281712, 0.271506, 0.268042, 0.222385, 0.219301, 0.179055, 0.18812, 0.164327, 0.144935, 0.144935, 0.196879, 0.268042, 0.216401, 0.182256, 0.155435, 0.122885, 0.078022, 0.137348, 0.200174, 0.15008, 0.239899]","{}"
