uniprot_accession,seq_crc32,cysteines,iup,red,regions
Q3E7Z4,2915952871,"[3, 5, 25, 29, 33, 35, 37, 41, 45, 47]","[0.00052, 0.000648, 0.001249, 0.001159, 0.001709, 0.001687, 0.001374, 0.001112, 0.001, 0.000833, 0.001112, 0.000833, 0.000799, 0.001572, 0.000816, 0.001434, 0.001383, 0.001112, 0.000322, 0.000301, 0.000283, 0.000498, 0.000198, 0.000137, 5.6e-05, 3e-05, 1.7e-05, 1.7e-05, 1.7e-05, 2.6e-05, 9e-06, 9e-06, 9e-06, 1.7e-05, 9e-06, 1.7e-05, 9e-06, 9e-06, 9e-06, 2.1e-05, 2.6e-05, 1.7e-05, 1.7e-05, 3e-05, 3e-05, 6e-05, 6e-05, 0.000146, 0.000142, 0.000146, 0.000107, 0.000412, 0.000348, 0.000305]","[0.038858, 0.026892, 0.048328, 0.018787, 0.030003, 0.022306, 0.014315, 0.010221, 0.008276, 0.006701, 0.008075, 0.006988, 0.006701, 0.00543, 0.006795, 0.005086, 0.005249, 0.004135, 0.003963, 0.00389, 0.003821, 0.00543, 0.006533, 0.005378, 0.008276, 0.00558, 0.006988, 0.007645, 0.007877, 0.00962, 0.015344, 0.010672, 0.012491, 0.019109, 0.028695, 0.018787, 0.033407, 0.024826, 0.041405, 0.025316, 0.029376, 0.0198, 0.019401, 0.011669, 0.011903, 0.009728, 0.013437, 0.010372, 0.01227, 0.018106, 0.018787, 0.013437, 0.018106, 0.025316]","{}"
