uniprot_accession,seq_crc32,cysteines,iup,red,regions
Q3E7Z5,4251196415,"[]","[0.865454, 0.834292, 0.837511, 0.812494, 0.798249, 0.81615, 0.712013, 0.632174, 0.657645, 0.59917, 0.538167, 0.56648, 0.497853, 0.447574, 0.42561, 0.42561, 0.384043, 0.384043, 0.394753, 0.436924, 0.356642, 0.356642, 0.390993, 0.335645, 0.370445, 0.318242, 0.298791, 0.311707, 0.374039, 0.380708, 0.41194, 0.490133, 0.465241, 0.51388, 0.56648, 0.59014, 0.59508, 0.521092, 0.447574, 0.380708, 0.40511, 0.422041, 0.433034, 0.42561, 0.414856, 0.41194, 0.465241, 0.486429, 0.570702, 0.58069, 0.570702, 0.521092, 0.483068, 0.483068, 0.5017, 0.521092, 0.517562, 0.529623, 0.585406, 0.648219, 0.707965, 0.675549, 0.759478, 0.728858, 0.707965, 0.805026, 0.784345, 0.795062, 0.771762]","[0.865454, 0.834292, 0.837511, 0.812494, 0.798249, 0.81615, 0.712013, 0.632174, 0.657645, 0.59917, 0.538167, 0.56648, 0.497853, 0.447574, 0.42561, 0.42561, 0.384043, 0.384043, 0.394753, 0.436924, 0.356642, 0.356642, 0.390993, 0.335645, 0.370445, 0.318242, 0.298791, 0.311707, 0.374039, 0.380708, 0.41194, 0.490133, 0.465241, 0.51388, 0.56648, 0.59014, 0.59508, 0.521092, 0.447574, 0.380708, 0.40511, 0.422041, 0.433034, 0.42561, 0.414856, 0.41194, 0.465241, 0.486429, 0.570702, 0.58069, 0.570702, 0.521092, 0.483068, 0.483068, 0.5017, 0.521092, 0.517562, 0.529623, 0.585406, 0.648219, 0.707965, 0.675549, 0.759478, 0.728858, 0.707965, 0.805026, 0.784345, 0.795062, 0.771762]","{}"
