uniprot_accession,seq_crc32,cysteines,iup,red,regions
Q3E7Z6,2306439507,"[]","[0.05306, 0.036378, 0.021816, 0.022306, 0.038042, 0.022306, 0.034068, 0.0198, 0.028695, 0.022306, 0.030611, 0.021816, 0.011342, 0.014783, 0.021381, 0.028695, 0.030611, 0.046336, 0.030611, 0.022306, 0.014315, 0.020522, 0.025316, 0.040537, 0.042364, 0.022667, 0.047319]","[0.05306, 0.036378, 0.021816, 0.022306, 0.038042, 0.022306, 0.034068, 0.0198, 0.028695, 0.022306, 0.030611, 0.021816, 0.011342, 0.014783, 0.021381, 0.028695, 0.030611, 0.046336, 0.030611, 0.022306, 0.014315, 0.020522, 0.025316, 0.040537, 0.042364, 0.022667, 0.047319]","{}"
