uniprot_accession,seq_crc32,cysteines,iup,red,regions
Q3E7Z7,585970245,"[3, 33]","[0.120615, 0.102787, 0.144935, 0.164327, 0.179055, 0.194234, 0.206376, 0.147574, 0.17593, 0.191378, 0.120615, 0.158265, 0.086953, 0.081712, 0.088832, 0.125101, 0.125101, 0.120615, 0.076542, 0.118441, 0.129801, 0.085092, 0.060549, 0.038042, 0.028107, 0.022667, 0.023087, 0.024393, 0.024826, 0.015694, 0.013016, 0.019109, 0.014075, 0.020522, 0.034068, 0.023534, 0.018415, 0.01227, 0.008895, 0.011106]","[0.324872, 0.291804, 0.339168, 0.352862, 0.359901, 0.366687, 0.377384, 0.30533, 0.332115, 0.346032, 0.25031, 0.30533, 0.200174, 0.122885, 0.129801, 0.179055, 0.179055, 0.167087, 0.11371, 0.167087, 0.179055, 0.122885, 0.147574, 0.096677, 0.071867, 0.054297, 0.058088, 0.06184, 0.06184, 0.037156, 0.030003, 0.049374, 0.035586, 0.060549, 0.106997, 0.078022, 0.06312, 0.040537, 0.025762, 0.040537]","{}"
