uniprot_accession,seq_crc32,cysteines,iup,red,regions
Q3E7Z9,2575898858,"[]","[0.170161, 0.164327, 0.203355, 0.239899, 0.298791, 0.239899, 0.158265, 0.206376, 0.229226, 0.179055, 0.216401, 0.268042, 0.278302, 0.384043, 0.356642, 0.380708, 0.398279, 0.525368, 0.557691, 0.483068, 0.465241, 0.486429, 0.509769, 0.497853, 0.480142, 0.440853, 0.51388, 0.680603, 0.632174, 0.618285, 0.795062]","[0.170161, 0.164327, 0.203355, 0.239899, 0.298791, 0.239899, 0.158265, 0.206376, 0.229226, 0.179055, 0.216401, 0.268042, 0.278302, 0.384043, 0.356642, 0.380708, 0.398279, 0.525368, 0.557691, 0.483068, 0.465241, 0.486429, 0.509769, 0.497853, 0.480142, 0.440853, 0.51388, 0.680603, 0.632174, 0.618285, 0.795062]","{}"
